Paso K U E_Total
0 0.0470506 -1.01939e+06 -1.01939e+06
1 0.188202 -1.01939e+06 -1.01939e+06
2 0.423456 -1.01939e+06 -1.01939e+06
3 0.752813 -1.01939e+06 -1.01939e+06
4 1.17627 -1.01939e+06 -1.01939e+06
5 1.69384 -1.01939e+06 -1.01939e+06
6 2.30552 -1.01939e+06 -1.01939e+06
7 3.01131 -1.01939e+06 -1.01939e+06
8 3.81121 -1.01939e+06 -1.01939e+06
9 4.70523 -1.0194e+06 -1.01939e+06
10 5.69337 -1.0194e+06 -1.01939e+06
11 6.77563 -1.0194e+06 -1.01939e+06
12 7.95203 -1.0194e+06 -1.01939e+06
13 9.22256 -1.0194e+06 -1.01939e+06
14 10.5872 -1.0194e+06 -1.01939e+06
15 12.0461 -1.0194e+06 -1.01939e+06
16 13.599 -1.0194e+06 -1.01939e+06
17 15.2462 -1.01941e+06 -1.01939e+06
18 16.9875 -1.01941e+06 -1.01939e+06
19 18.8229 -1.01941e+06 -1.01939e+06
20 20.7526 -1.01941e+06 -1.01939e+06
21 22.7765 -1.01941e+06 -1.01939e+06
22 24.8945 -1.01942e+06 -1.01939e+06
23 27.1068 -1.01942e+06 -1.01939e+06
24 29.4132 -1.01942e+06 -1.01939e+06
25 31.814 -1.01942e+06 -1.01939e+06
26 34.3089 -1.01943e+06 -1.01939e+06
27 36.8981 -1.01943e+06 -1.01939e+06
28 39.5816 -1.01943e+06 -1.01939e+06
29 42.3593 -1.01943e+06 -1.01939e+06
30 45.2313 -1.01944e+06 -1.01939e+06
31 48.1976 -1.01944e+06 -1.01939e+06
32 51.2582 -1.01944e+06 -1.01939e+06
33 54.4132 -1.01945e+06 -1.01939e+06
34 57.6625 -1.01945e+06 -1.01939e+06
35 61.0061 -1.01945e+06 -1.01939e+06
36 64.4441 -1.01946e+06 -1.01939e+06
37 67.9765 -1.01946e+06 -1.01939e+06
38 71.6032 -1.01946e+06 -1.01939e+06
39 75.3244 -1.01947e+06 -1.01939e+06
40 79.14 -1.01947e+06 -1.01939e+06
41 83.0501 -1.01948e+06 -1.01939e+06
42 87.0546 -1.01948e+06 -1.01939e+06
43 91.1536 -1.01948e+06 -1.01939e+06
44 95.3471 -1.01949e+06 -1.01939e+06
45 99.6351 -1.01949e+06 -1.01939e+06
46 104.018 -1.0195e+06 -1.01939e+06
47 108.495 -1.0195e+06 -1.01939e+06
48 113.066 -1.01951e+06 -1.01939e+06
49 117.733 -1.01951e+06 -1.01939e+06
50 122.493 -1.01952e+06 -1.01939e+06
51 127.349 -1.01952e+06 -1.01939e+06
52 132.299 -1.01953e+06 -1.01939e+06
53 137.344 -1.01953e+06 -1.01939e+06
54 142.483 -1.01954e+06 -1.01939e+06
55 147.718 -1.01954e+06 -1.01939e+06
56 153.046 -1.01955e+06 -1.01939e+06
57 158.47 -1.01955e+06 -1.01939e+06
58 163.989 -1.01956e+06 -1.01939e+06
59 169.602 -1.01956e+06 -1.01939e+06
60 175.31 -1.01957e+06 -1.01939e+06
61 181.113 -1.01957e+06 -1.01939e+06
62 187.011 -1.01958e+06 -1.01939e+06
63 193.004 -1.01959e+06 -1.01939e+06
64 199.091 -1.01959e+06 -1.01939e+06
65 205.274 -1.0196e+06 -1.01939e+06
66 211.552 -1.0196e+06 -1.01939e+06
67 217.924 -1.01961e+06 -1.01939e+06
68 224.392 -1.01962e+06 -1.01939e+06
69 230.955 -1.01962e+06 -1.01939e+06
70 237.612 -1.01963e+06 -1.01939e+06
71 244.365 -1.01964e+06 -1.01939e+06
72 251.213 -1.01964e+06 -1.01939e+06
73 258.157 -1.01965e+06 -1.01939e+06
74 265.195 -1.01966e+06 -1.01939e+06
75 272.329 -1.01967e+06 -1.01939e+06
76 279.558 -1.01967e+06 -1.01939e+06
77 286.882 -1.01968e+06 -1.01939e+06
78 294.302 -1.01969e+06 -1.01939e+06
79 301.817 -1.0197e+06 -1.01939e+06
80 309.427 -1.0197e+06 -1.01939e+06
81 317.133 -1.01971e+06 -1.01939e+06
82 324.934 -1.01972e+06 -1.01939e+06
83 332.83 -1.01973e+06 -1.01939e+06
84 340.823 -1.01974e+06 -1.01939e+06
85 348.91 -1.01974e+06 -1.01939e+06
86 357.094 -1.01975e+06 -1.01939e+06
87 365.373 -1.01976e+06 -1.01939e+06
88 373.747 -1.01977e+06 -1.01939e+06
89 382.217 -1.01978e+06 -1.01939e+06
90 390.783 -1.01979e+06 -1.01939e+06
91 399.445 -1.01979e+06 -1.01939e+06
92 408.203 -1.0198e+06 -1.01939e+06
93 417.056 -1.01981e+06 -1.01939e+06
94 426.005 -1.01982e+06 -1.01939e+06
95 435.05 -1.01983e+06 -1.01939e+06
96 444.191 -1.01984e+06 -1.01939e+06
97 453.428 -1.01985e+06 -1.01939e+06
98 462.761 -1.01986e+06 -1.01939e+06
99 472.19 -1.01987e+06 -1.01939e+06
100 481.716 -1.01988e+06 -1.0194e+06
101 491.337 -1.01989e+06 -1.0194e+06
102 501.054 -1.0199e+06 -1.0194e+06
103 510.868 -1.01991e+06 -1.0194e+06
104 520.778 -1.01992e+06 -1.0194e+06
105 530.784 -1.01993e+06 -1.0194e+06
106 540.887 -1.01994e+06 -1.0194e+06
107 551.086 -1.01995e+06 -1.0194e+06
108 561.381 -1.01996e+06 -1.0194e+06
109 571.773 -1.01997e+06 -1.0194e+06
110 582.261 -1.01998e+06 -1.0194e+06
111 592.846 -1.01999e+06 -1.0194e+06
112 603.527 -1.02e+06 -1.0194e+06
113 614.305 -1.02001e+06 -1.0194e+06
114 625.18 -1.02002e+06 -1.0194e+06
115 636.151 -1.02003e+06 -1.0194e+06
116 647.219 -1.02004e+06 -1.0194e+06
117 658.384 -1.02005e+06 -1.0194e+06
118 669.645 -1.02007e+06 -1.0194e+06
119 681.004 -1.02008e+06 -1.0194e+06
120 692.459 -1.02009e+06 -1.0194e+06
121 704.012 -1.0201e+06 -1.0194e+06
122 715.661 -1.02011e+06 -1.0194e+06
123 727.408 -1.02012e+06 -1.0194e+06
124 739.251 -1.02014e+06 -1.0194e+06
125 751.192 -1.02015e+06 -1.0194e+06
126 763.23 -1.02016e+06 -1.0194e+06
127 775.365 -1.02017e+06 -1.0194e+06
128 787.598 -1.02018e+06 -1.0194e+06
129 799.928 -1.0202e+06 -1.0194e+06
130 812.355 -1.02021e+06 -1.0194e+06
131 824.88 -1.02022e+06 -1.0194e+06
132 837.502 -1.02023e+06 -1.0194e+06
133 850.221 -1.02025e+06 -1.0194e+06
134 863.039 -1.02026e+06 -1.0194e+06
135 875.953 -1.02027e+06 -1.0194e+06
136 888.966 -1.02029e+06 -1.0194e+06
137 902.076 -1.0203e+06 -1.0194e+06
138 915.284 -1.02031e+06 -1.0194e+06
139 928.59 -1.02033e+06 -1.0194e+06
140 941.994 -1.02034e+06 -1.0194e+06
141 955.495 -1.02035e+06 -1.0194e+06
142 969.095 -1.02037e+06 -1.0194e+06
143 982.793 -1.02038e+06 -1.0194e+06
144 996.588 -1.02039e+06 -1.0194e+06
145 1010.48 -1.02041e+06 -1.0194e+06
146 1024.47 -1.02042e+06 -1.0194e+06
147 1038.56 -1.02044e+06 -1.0194e+06
148 1052.75 -1.02045e+06 -1.0194e+06
149 1067.04 -1.02046e+06 -1.0194e+06
150 1081.43 -1.02048e+06 -1.0194e+06
151 1095.91 -1.02049e+06 -1.0194e+06
152 1110.49 -1.02051e+06 -1.0194e+06
153 1125.17 -1.02052e+06 -1.0194e+06
154 1139.95 -1.02054e+06 -1.0194e+06
155 1154.83 -1.02055e+06 -1.0194e+06
156 1169.81 -1.02057e+06 -1.0194e+06
157 1184.88 -1.02058e+06 -1.0194e+06
158 1200.06 -1.0206e+06 -1.0194e+06
159 1215.33 -1.02061e+06 -1.0194e+06
160 1230.7 -1.02063e+06 -1.0194e+06
161 1246.17 -1.02064e+06 -1.0194e+06
162 1261.74 -1.02066e+06 -1.0194e+06
163 1277.41 -1.02068e+06 -1.0194e+06
164 1293.18 -1.02069e+06 -1.0194e+06
165 1309.05 -1.02071e+06 -1.0194e+06
166 1325.01 -1.02072e+06 -1.0194e+06
167 1341.08 -1.02074e+06 -1.0194e+06
168 1357.24 -1.02076e+06 -1.0194e+06
169 1373.51 -1.02077e+06 -1.0194e+06
170 1389.87 -1.02079e+06 -1.0194e+06
171 1406.34 -1.0208e+06 -1.0194e+06
172 1422.9 -1.02082e+06 -1.0194e+06
173 1439.56 -1.02084e+06 -1.0194e+06
174 1456.33 -1.02085e+06 -1.0194e+06
175 1473.19 -1.02087e+06 -1.0194e+06
176 1490.15 -1.02089e+06 -1.0194e+06
177 1507.21 -1.02091e+06 -1.0194e+06
178 1524.38 -1.02092e+06 -1.0194e+06
179 1541.64 -1.02094e+06 -1.0194e+06
180 1559 -1.02096e+06 -1.0194e+06
181 1576.46 -1.02098e+06 -1.0194e+06
182 1594.02 -1.02099e+06 -1.0194e+06
183 1611.69 -1.02101e+06 -1.0194e+06
184 1629.45 -1.02103e+06 -1.0194e+06
185 1647.31 -1.02105e+06 -1.0194e+06
186 1665.28 -1.02106e+06 -1.0194e+06
187 1683.34 -1.02108e+06 -1.0194e+06
188 1701.5 -1.0211e+06 -1.0194e+06
189 1719.77 -1.02112e+06 -1.0194e+06
190 1738.13 -1.02114e+06 -1.0194e+06
191 1756.6 -1.02116e+06 -1.0194e+06
192 1775.17 -1.02117e+06 -1.0194e+06
193 1793.83 -1.02119e+06 -1.0194e+06
194 1812.6 -1.02121e+06 -1.0194e+06
195 1831.47 -1.02123e+06 -1.0194e+06
196 1850.44 -1.02125e+06 -1.0194e+06
197 1869.51 -1.02127e+06 -1.0194e+06
198 1888.69 -1.02129e+06 -1.0194e+06
199 1907.96 -1.02131e+06 -1.0194e+06
200 1927.34 -1.02133e+06 -1.0194e+06
201 1946.81 -1.02135e+06 -1.0194e+06
202 1966.39 -1.02137e+06 -1.0194e+06
203 1986.07 -1.02139e+06 -1.0194e+06
204 2005.85 -1.02141e+06 -1.0194e+06
205 2025.73 -1.02143e+06 -1.0194e+06
206 2045.71 -1.02145e+06 -1.0194e+06
207 2065.8 -1.02147e+06 -1.0194e+06
208 2085.98 -1.02149e+06 -1.0194e+06
209 2106.27 -1.02151e+06 -1.0194e+06
210 2126.66 -1.02153e+06 -1.0194e+06
211 2147.15 -1.02155e+06 -1.0194e+06
212 2167.75 -1.02157e+06 -1.0194e+06
213 2188.44 -1.02159e+06 -1.0194e+06
214 2209.24 -1.02161e+06 -1.0194e+06
215 2230.14 -1.02163e+06 -1.0194e+06
216 2251.14 -1.02165e+06 -1.0194e+06
217 2272.24 -1.02167e+06 -1.0194e+06
218 2293.45 -1.02169e+06 -1.0194e+06
219 2314.76 -1.02172e+06 -1.0194e+06
220 2336.17 -1.02174e+06 -1.0194e+06
221 2357.68 -1.02176e+06 -1.0194e+06
222 2379.29 -1.02178e+06 -1.0194e+06
223 2401.01 -1.0218e+06 -1.0194e+06
224 2422.83 -1.02182e+06 -1.0194e+06
225 2444.76 -1.02185e+06 -1.0194e+06
226 2466.78 -1.02187e+06 -1.0194e+06
227 2488.91 -1.02189e+06 -1.0194e+06
228 2511.14 -1.02191e+06 -1.0194e+06
229 2533.47 -1.02193e+06 -1.0194e+06
230 2555.91 -1.02196e+06 -1.0194e+06
231 2578.45 -1.02198e+06 -1.0194e+06
232 2601.09 -1.022e+06 -1.0194e+06
233 2623.84 -1.02203e+06 -1.0194e+06
234 2646.69 -1.02205e+06 -1.0194e+06
235 2669.64 -1.02207e+06 -1.0194e+06
236 2692.69 -1.02209e+06 -1.0194e+06
237 2715.85 -1.02212e+06 -1.0194e+06
238 2739.11 -1.02214e+06 -1.0194e+06
239 2762.48 -1.02216e+06 -1.0194e+06
240 2785.95 -1.02219e+06 -1.0194e+06
241 2809.52 -1.02221e+06 -1.0194e+06
242 2833.19 -1.02224e+06 -1.0194e+06
243 2856.97 -1.02226e+06 -1.0194e+06
244 2880.85 -1.02228e+06 -1.0194e+06
245 2904.84 -1.02231e+06 -1.0194e+06
246 2928.93 -1.02233e+06 -1.0194e+06
247 2953.12 -1.02236e+06 -1.0194e+06
248 2977.42 -1.02238e+06 -1.0194e+06
249 3001.82 -1.0224e+06 -1.0194e+06
250 3026.32 -1.02243e+06 -1.0194e+06
251 3050.93 -1.02245e+06 -1.0194e+06
252 3075.65 -1.02248e+06 -1.0194e+06
253 3100.46 -1.0225e+06 -1.0194e+06
254 3125.38 -1.02253e+06 -1.0194e+06
255 3150.41 -1.02255e+06 -1.0194e+06
256 3175.54 -1.02258e+06 -1.0194e+06
257 3200.77 -1.0226e+06 -1.0194e+06
258 3226.11 -1.02263e+06 -1.0194e+06
259 3251.55 -1.02265e+06 -1.0194e+06
260 3277.1 -1.02268e+06 -1.0194e+06
261 3302.75 -1.02271e+06 -1.0194e+06
262 3328.5 -1.02273e+06 -1.0194e+06
263 3354.36 -1.02276e+06 -1.0194e+06
264 3380.32 -1.02278e+06 -1.0194e+06
265 3406.39 -1.02281e+06 -1.0194e+06
266 3432.57 -1.02284e+06 -1.0194e+06
267 3458.84 -1.02286e+06 -1.0194e+06
268 3485.23 -1.02289e+06 -1.0194e+06
269 3511.71 -1.02292e+06 -1.0194e+06
270 3538.3 -1.02294e+06 -1.0194e+06
271 3565 -1.02297e+06 -1.0194e+06
272 3591.8 -1.023e+06 -1.0194e+06
273 3618.71 -1.02302e+06 -1.0194e+06
274 3645.72 -1.02305e+06 -1.0194e+06
275 3672.84 -1.02308e+06 -1.0194e+06
276 3700.06 -1.0231e+06 -1.0194e+06
277 3727.38 -1.02313e+06 -1.0194e+06
278 3754.81 -1.02316e+06 -1.0194e+06
279 3782.35 -1.02319e+06 -1.0194e+06
280 3809.99 -1.02321e+06 -1.0194e+06
281 3837.74 -1.02324e+06 -1.0194e+06
282 3865.59 -1.02327e+06 -1.0194e+06
283 3893.54 -1.0233e+06 -1.0194e+06
284 3921.6 -1.02333e+06 -1.0194e+06
285 3949.77 -1.02335e+06 -1.0194e+06
286 3978.04 -1.02338e+06 -1.0194e+06
287 4006.42 -1.02341e+06 -1.0194e+06
288 4034.9 -1.02344e+06 -1.0194e+06
289 4063.49 -1.02347e+06 -1.0194e+06
290 4092.18 -1.0235e+06 -1.0194e+06
291 4120.98 -1.02353e+06 -1.0194e+06
292 4149.89 -1.02355e+06 -1.0194e+06
293 4178.89 -1.02358e+06 -1.0194e+06
294 4208.01 -1.02361e+06 -1.0194e+06
295 4237.23 -1.02364e+06 -1.0194e+06
296 4266.55 -1.02367e+06 -1.0194e+06
297 4295.99 -1.0237e+06 -1.0194e+06
298 4325.52 -1.02373e+06 -1.01941e+06
299 4355.16 -1.02376e+06 -1.01941e+06
300 4384.91 -1.02379e+06 -1.01941e+06
301 4414.76 -1.02382e+06 -1.01941e+06
302 4444.72 -1.02385e+06 -1.01941e+06
303 4474.79 -1.02388e+06 -1.01941e+06
304 4504.96 -1.02391e+06 -1.01941e+06
305 4535.23 -1.02394e+06 -1.01941e+06
306 4565.61 -1.02397e+06 -1.01941e+06
307 4596.1 -1.024e+06 -1.01941e+06
308 4626.69 -1.02403e+06 -1.01941e+06
309 4657.39 -1.02406e+06 -1.01941e+06
310 4688.19 -1.02409e+06 -1.01941e+06
311 4719.1 -1.02412e+06 -1.01941e+06
312 4750.11 -1.02416e+06 -1.01941e+06
313 4781.23 -1.02419e+06 -1.01941e+06
314 4812.46 -1.02422e+06 -1.01941e+06
315 4843.79 -1.02425e+06 -1.01941e+06
316 4875.22 -1.02428e+06 -1.01941e+06
317 4906.76 -1.02431e+06 -1.01941e+06
318 4938.41 -1.02434e+06 -1.01941e+06
319 4970.16 -1.02438e+06 -1.01941e+06
320 5002.02 -1.02441e+06 -1.01941e+06
321 5033.99 -1.02444e+06 -1.01941e+06
322 5066.06 -1.02447e+06 -1.01941e+06
323 5098.23 -1.0245e+06 -1.01941e+06
324 5130.51 -1.02454e+06 -1.01941e+06
325 5162.9 -1.02457e+06 -1.01941e+06
326 5195.39 -1.0246e+06 -1.01941e+06
327 5227.99 -1.02463e+06 -1.01941e+06
328 5260.69 -1.02467e+06 -1.01941e+06
329 5293.5 -1.0247e+06 -1.01941e+06
330 5326.41 -1.02473e+06 -1.01941e+06
331 5359.43 -1.02477e+06 -1.01941e+06
332 5392.55 -1.0248e+06 -1.01941e+06
333 5425.78 -1.02483e+06 -1.01941e+06
334 5459.11 -1.02487e+06 -1.01941e+06
335 5492.55 -1.0249e+06 -1.01941e+06
336 5526.1 -1.02493e+06 -1.01941e+06
337 5559.75 -1.02497e+06 -1.01941e+06
338 5593.5 -1.025e+06 -1.01941e+06
339 5627.36 -1.02503e+06 -1.01941e+06
340 5661.33 -1.02507e+06 -1.01941e+06
341 5695.4 -1.0251e+06 -1.01941e+06
342 5729.57 -1.02514e+06 -1.01941e+06
343 5763.85 -1.02517e+06 -1.01941e+06
344 5798.24 -1.02521e+06 -1.01941e+06
345 5832.73 -1.02524e+06 -1.01941e+06
346 5867.32 -1.02527e+06 -1.01941e+06
347 5902.02 -1.02531e+06 -1.01941e+06
348 5936.83 -1.02534e+06 -1.01941e+06
349 5971.74 -1.02538e+06 -1.01941e+06
350 6006.75 -1.02541e+06 -1.01941e+06
351 6041.87 -1.02545e+06 -1.01941e+06
352 6077.09 -1.02548e+06 -1.01941e+06
353 6112.42 -1.02552e+06 -1.01941e+06
354 6147.85 -1.02556e+06 -1.01941e+06
355 6183.39 -1.02559e+06 -1.01941e+06
356 6219.03 -1.02563e+06 -1.01941e+06
357 6254.77 -1.02566e+06 -1.01941e+06
358 6290.62 -1.0257e+06 -1.01941e+06
359 6326.57 -1.02573e+06 -1.01941e+06
360 6362.63 -1.02577e+06 -1.01941e+06
361 6398.79 -1.02581e+06 -1.01941e+06
362 6435.05 -1.02584e+06 -1.01941e+06
363 6471.42 -1.02588e+06 -1.01941e+06
364 6507.89 -1.02592e+06 -1.01941e+06
365 6544.47 -1.02595e+06 -1.01941e+06
366 6581.14 -1.02599e+06 -1.01941e+06
367 6617.93 -1.02603e+06 -1.01941e+06
368 6654.81 -1.02606e+06 -1.01941e+06
369 6691.8 -1.0261e+06 -1.01941e+06
370 6728.89 -1.02614e+06 -1.01941e+06
371 6766.09 -1.02617e+06 -1.01941e+06
372 6803.39 -1.02621e+06 -1.01941e+06
373 6840.79 -1.02625e+06 -1.01941e+06
374 6878.29 -1.02629e+06 -1.01941e+06
375 6915.9 -1.02632e+06 -1.01941e+06
376 6953.61 -1.02636e+06 -1.01941e+06
377 6991.42 -1.0264e+06 -1.01941e+06
378 7029.33 -1.02644e+06 -1.01941e+06
379 7067.35 -1.02648e+06 -1.01941e+06
380 7105.47 -1.02651e+06 -1.01941e+06
381 7143.69 -1.02655e+06 -1.01941e+06
382 7182.01 -1.02659e+06 -1.01941e+06
383 7220.44 -1.02663e+06 -1.01941e+06
384 7258.96 -1.02667e+06 -1.01941e+06
385 7297.59 -1.02671e+06 -1.01941e+06
386 7336.32 -1.02675e+06 -1.01941e+06
387 7375.15 -1.02678e+06 -1.01941e+06
388 7414.08 -1.02682e+06 -1.01941e+06
389 7453.12 -1.02686e+06 -1.01941e+06
390 7492.25 -1.0269e+06 -1.01941e+06
391 7531.49 -1.02694e+06 -1.01941e+06
392 7570.82 -1.02698e+06 -1.01941e+06
393 7610.26 -1.02702e+06 -1.01941e+06
394 7649.8 -1.02706e+06 -1.01941e+06
395 7689.43 -1.0271e+06 -1.01941e+06
396 7729.17 -1.02714e+06 -1.01941e+06
397 7769.01 -1.02718e+06 -1.01941e+06
398 7808.95 -1.02722e+06 -1.01941e+06
399 7848.98 -1.02726e+06 -1.01941e+06
400 7889.12 -1.0273e+06 -1.01941e+06
401 7929.36 -1.02734e+06 -1.01941e+06
402 7969.69 -1.02738e+06 -1.01941e+06
403 8010.13 -1.02742e+06 -1.01941e+06
404 8050.66 -1.02746e+06 -1.01941e+06
405 8091.3 -1.0275e+06 -1.01941e+06
406 8132.03 -1.02754e+06 -1.01941e+06
407 8172.86 -1.02758e+06 -1.01941e+06
408 8213.79 -1.02762e+06 -1.01941e+06
409 8254.81 -1.02767e+06 -1.01941e+06
410 8295.94 -1.02771e+06 -1.01941e+06
411 8337.16 -1.02775e+06 -1.01941e+06
412 8378.48 -1.02779e+06 -1.01941e+06
413 8419.9 -1.02783e+06 -1.01941e+06
414 8461.41 -1.02787e+06 -1.01941e+06
415 8503.02 -1.02791e+06 -1.01941e+06
416 8544.73 -1.02796e+06 -1.01941e+06
417 8586.54 -1.028e+06 -1.01941e+06
418 8628.44 -1.02804e+06 -1.01941e+06
419 8670.44 -1.02808e+06 -1.01941e+06
420 8712.54 -1.02812e+06 -1.01941e+06
421 8754.73 -1.02817e+06 -1.01941e+06
422 8797.01 -1.02821e+06 -1.01941e+06
423 8839.4 -1.02825e+06 -1.01941e+06
424 8881.88 -1.02829e+06 -1.01941e+06
425 8924.45 -1.02834e+06 -1.01941e+06
426 8967.12 -1.02838e+06 -1.01941e+06
427 9009.88 -1.02842e+06 -1.01941e+06
428 9052.74 -1.02846e+06 -1.01941e+06
429 9095.69 -1.02851e+06 -1.01941e+06
430 9138.74 -1.02855e+06 -1.01941e+06
431 9181.88 -1.02859e+06 -1.01941e+06
432 9225.11 -1.02864e+06 -1.01941e+06
433 9268.44 -1.02868e+06 -1.01941e+06
434 9311.86 -1.02872e+06 -1.01941e+06
435 9355.37 -1.02877e+06 -1.01941e+06
436 9398.98 -1.02881e+06 -1.01941e+06
437 9442.68 -1.02885e+06 -1.01941e+06
438 9486.47 -1.0289e+06 -1.01941e+06
439 9530.35 -1.02894e+06 -1.01941e+06
440 9574.33 -1.02899e+06 -1.01941e+06
441 9618.4 -1.02903e+06 -1.01941e+06
442 9662.56 -1.02907e+06 -1.01941e+06
443 9706.81 -1.02912e+06 -1.01941e+06
444 9751.15 -1.02916e+06 -1.01941e+06
445 9795.58 -1.02921e+06 -1.01941e+06
446 9840.1 -1.02925e+06 -1.01941e+06
447 9884.72 -1.0293e+06 -1.01941e+06
448 9929.42 -1.02934e+06 -1.01941e+06
449 9974.21 -1.02939e+06 -1.01941e+06
450 10019.1 -1.02943e+06 -1.01941e+06
451 10064.1 -1.02948e+06 -1.01941e+06
452 10109.1 -1.02952e+06 -1.01941e+06
453 10154.3 -1.02957e+06 -1.01941e+06
454 10199.5 -1.02961e+06 -1.01941e+06
455 10244.8 -1.02966e+06 -1.01941e+06
456 10290.3 -1.0297e+06 -1.01941e+06
457 10335.8 -1.02975e+06 -1.01941e+06
458 10381.3 -1.02979e+06 -1.01941e+06
459 10427 -1.02984e+06 -1.01941e+06
460 10472.8 -1.02989e+06 -1.01941e+06
461 10518.6 -1.02993e+06 -1.01941e+06
462 10564.6 -1.02998e+06 -1.01941e+06
463 10610.6 -1.03002e+06 -1.01941e+06
464 10656.7 -1.03007e+06 -1.01941e+06
465 10702.9 -1.03012e+06 -1.01941e+06
466 10749.2 -1.03016e+06 -1.01941e+06
467 10795.5 -1.03021e+06 -1.01941e+06
468 10842 -1.03026e+06 -1.01941e+06
469 10888.5 -1.0303e+06 -1.01941e+06
470 10935.1 -1.03035e+06 -1.01941e+06
471 10981.8 -1.0304e+06 -1.01941e+06
472 11028.6 -1.03044e+06 -1.01941e+06
473 11075.5 -1.03049e+06 -1.01941e+06
474 11122.4 -1.03054e+06 -1.01941e+06
475 11169.5 -1.03058e+06 -1.01941e+06
476 11216.6 -1.03063e+06 -1.01941e+06
477 11263.8 -1.03068e+06 -1.01941e+06
478 11311 -1.03072e+06 -1.01941e+06
479 11358.4 -1.03077e+06 -1.01941e+06
480 11405.8 -1.03082e+06 -1.01941e+06
481 11453.4 -1.03087e+06 -1.01941e+06
482 11501 -1.03092e+06 -1.01941e+06
483 11548.6 -1.03096e+06 -1.01941e+06
484 11596.4 -1.03101e+06 -1.01941e+06
485 11644.2 -1.03106e+06 -1.01941e+06
486 11692.2 -1.03111e+06 -1.01941e+06
487 11740.2 -1.03115e+06 -1.01941e+06
488 11788.2 -1.0312e+06 -1.01941e+06
489 11836.4 -1.03125e+06 -1.01941e+06
490 11884.6 -1.0313e+06 -1.01941e+06
491 11932.9 -1.03135e+06 -1.01941e+06
492 11981.3 -1.0314e+06 -1.01941e+06
493 12029.8 -1.03144e+06 -1.01941e+06
494 12078.3 -1.03149e+06 -1.01941e+06
495 12127 -1.03154e+06 -1.01941e+06
496 12175.6 -1.03159e+06 -1.01941e+06
497 12224.4 -1.03164e+06 -1.01941e+06
498 12273.3 -1.03169e+06 -1.01941e+06
499 12322.2 -1.03174e+06 -1.01941e+06
500 12371.2 -1.03179e+06 -1.01941e+06
501 12420.2 -1.03184e+06 -1.01941e+06
502 12469.4 -1.03188e+06 -1.01941e+06
503 12518.6 -1.03193e+06 -1.01941e+06
504 12567.9 -1.03198e+06 -1.01941e+06
505 12617.3 -1.03203e+06 -1.01941e+06
506 12666.7 -1.03208e+06 -1.01941e+06
507 12716.2 -1.03213e+06 -1.01942e+06
508 12765.8 -1.03218e+06 -1.01942e+06
509 12815.4 -1.03223e+06 -1.01942e+06
510 12865.2 -1.03228e+06 -1.01942e+06
511 12915 -1.03233e+06 -1.01942e+06
512 12964.8 -1.03238e+06 -1.01942e+06
513 13014.8 -1.03243e+06 -1.01942e+06
514 13064.8 -1.03248e+06 -1.01942e+06
515 13114.9 -1.03253e+06 -1.01942e+06
516 13165 -1.03258e+06 -1.01942e+06
517 13215.2 -1.03263e+06 -1.01942e+06
518 13265.5 -1.03268e+06 -1.01942e+06
519 13315.9 -1.03273e+06 -1.01942e+06
520 13366.3 -1.03278e+06 -1.01942e+06
521 13416.8 -1.03283e+06 -1.01942e+06
522 13467.3 -1.03288e+06 -1.01942e+06
523 13517.9 -1.03293e+06 -1.01942e+06
524 13568.6 -1.03298e+06 -1.01942e+06
525 13619.4 -1.03304e+06 -1.01942e+06
526 13670.2 -1.03309e+06 -1.01942e+06
527 13721.1 -1.03314e+06 -1.01942e+06
528 13772.1 -1.03319e+06 -1.01942e+06
529 13823.1 -1.03324e+06 -1.01942e+06
530 13874.2 -1.03329e+06 -1.01942e+06
531 13925.3 -1.03334e+06 -1.01942e+06
532 13976.5 -1.03339e+06 -1.01942e+06
533 14027.8 -1.03344e+06 -1.01942e+06
534 14079.2 -1.0335e+06 -1.01942e+06
535 14130.6 -1.03355e+06 -1.01942e+06
536 14182 -1.0336e+06 -1.01942e+06
537 14233.6 -1.03365e+06 -1.01942e+06
538 14285.2 -1.0337e+06 -1.01942e+06
539 14336.8 -1.03375e+06 -1.01942e+06
540 14388.5 -1.0338e+06 -1.01942e+06
541 14440.3 -1.03386e+06 -1.01942e+06
542 14492.2 -1.03391e+06 -1.01942e+06
543 14544.1 -1.03396e+06 -1.01942e+06
544 14596 -1.03401e+06 -1.01942e+06
545 14648.1 -1.03406e+06 -1.01942e+06
546 14700.1 -1.03412e+06 -1.01942e+06
547 14752.3 -1.03417e+06 -1.01942e+06
548 14804.5 -1.03422e+06 -1.01942e+06
549 14856.8 -1.03427e+06 -1.01942e+06
550 14909.1 -1.03433e+06 -1.01942e+06
551 14961.5 -1.03438e+06 -1.01942e+06
552 15013.9 -1.03443e+06 -1.01942e+06
553 15066.4 -1.03448e+06 -1.01942e+06
554 15119 -1.03454e+06 -1.01942e+06
555 15171.6 -1.03459e+06 -1.01942e+06
556 15224.2 -1.03464e+06 -1.01942e+06
557 15277 -1.03469e+06 -1.01942e+06
558 15329.8 -1.03475e+06 -1.01942e+06
559 15382.6 -1.0348e+06 -1.01942e+06
560 15435.5 -1.03485e+06 -1.01942e+06
561 15488.5 -1.03491e+06 -1.01942e+06
562 15541.5 -1.03496e+06 -1.01942e+06
563 15594.6 -1.03501e+06 -1.01942e+06
564 15647.7 -1.03506e+06 -1.01942e+06
565 15700.9 -1.03512e+06 -1.01942e+06
566 15754.1 -1.03517e+06 -1.01942e+06
567 15807.4 -1.03522e+06 -1.01942e+06
568 15860.7 -1.03528e+06 -1.01942e+06
569 15914.1 -1.03533e+06 -1.01942e+06
570 15967.6 -1.03538e+06 -1.01942e+06
571 16021.1 -1.03544e+06 -1.01942e+06
572 16074.7 -1.03549e+06 -1.01942e+06
573 16128.3 -1.03555e+06 -1.01942e+06
574 16182 -1.0356e+06 -1.01942e+06
575 16235.7 -1.03565e+06 -1.01942e+06
576 16289.5 -1.03571e+06 -1.01942e+06
577 16343.3 -1.03576e+06 -1.01942e+06
578 16397.2 -1.03581e+06 -1.01942e+06
579 16451.2 -1.03587e+06 -1.01942e+06
580 16505.2 -1.03592e+06 -1.01942e+06
581 16559.2 -1.03598e+06 -1.01942e+06
582 16613.3 -1.03603e+06 -1.01942e+06
583 16667.5 -1.03608e+06 -1.01942e+06
584 16721.7 -1.03614e+06 -1.01942e+06
585 16776 -1.03619e+06 -1.01942e+06
586 16830.3 -1.03625e+06 -1.01942e+06
587 16884.7 -1.0363e+06 -1.01942e+06
588 16939.1 -1.03636e+06 -1.01942e+06
589 16993.6 -1.03641e+06 -1.01942e+06
590 17048.1 -1.03647e+06 -1.01942e+06
591 17102.7 -1.03652e+06 -1.01942e+06
592 17157.3 -1.03657e+06 -1.01942e+06
593 17212 -1.03663e+06 -1.01942e+06
594 17266.7 -1.03668e+06 -1.01942e+06
595 17321.5 -1.03674e+06 -1.01942e+06
596 17376.4 -1.03679e+06 -1.01942e+06
597 17431.3 -1.03685e+06 -1.01942e+06
598 17486.2 -1.0369e+06 -1.01942e+06
599 17541.2 -1.03696e+06 -1.01942e+06
600 17596.3 -1.03701e+06 -1.01942e+06
601 17651.4 -1.03707e+06 -1.01942e+06
602 17706.6 -1.03712e+06 -1.01942e+06
603 17761.8 -1.03718e+06 -1.01942e+06
604 17817.1 -1.03723e+06 -1.01942e+06
605 17872.4 -1.03729e+06 -1.01942e+06
606 17927.8 -1.03735e+06 -1.01942e+06
607 17983.2 -1.0374e+06 -1.01942e+06
608 18038.7 -1.03746e+06 -1.01942e+06
609 18094.3 -1.03751e+06 -1.01942e+06
610 18149.9 -1.03757e+06 -1.01942e+06
611 18205.5 -1.03762e+06 -1.01942e+06
612 18261.2 -1.03768e+06 -1.01942e+06
613 18317 -1.03774e+06 -1.01942e+06
614 18372.8 -1.03779e+06 -1.01942e+06
615 18428.7 -1.03785e+06 -1.01942e+06
616 18484.6 -1.0379e+06 -1.01942e+06
617 18540.6 -1.03796e+06 -1.01942e+06
618 18596.7 -1.03801e+06 -1.01942e+06
619 18652.8 -1.03807e+06 -1.01942e+06
620 18708.9 -1.03813e+06 -1.01942e+06
621 18765.1 -1.03818e+06 -1.01942e+06
622 18821.4 -1.03824e+06 -1.01942e+06
623 18877.7 -1.0383e+06 -1.01942e+06
624 18934.1 -1.03835e+06 -1.01942e+06
625 18990.6 -1.03841e+06 -1.01942e+06
626 19047.1 -1.03847e+06 -1.01942e+06
627 19103.6 -1.03852e+06 -1.01942e+06
628 19160.2 -1.03858e+06 -1.01942e+06
629 19216.9 -1.03864e+06 -1.01942e+06
630 19273.7 -1.03869e+06 -1.01942e+06
631 19330.5 -1.03875e+06 -1.01942e+06
632 19387.3 -1.03881e+06 -1.01942e+06
633 19444.2 -1.03886e+06 -1.01942e+06
634 19501.2 -1.03892e+06 -1.01942e+06
635 19558.3 -1.03898e+06 -1.01942e+06
636 19615.4 -1.03903e+06 -1.01942e+06
637 19672.5 -1.03909e+06 -1.01942e+06
638 19729.8 -1.03915e+06 -1.01942e+06
639 19787.1 -1.03921e+06 -1.01942e+06
640 19844.4 -1.03926e+06 -1.01942e+06
641 19901.8 -1.03932e+06 -1.01942e+06
642 19959.3 -1.03938e+06 -1.01942e+06
643 20016.9 -1.03944e+06 -1.01942e+06
644 20074.5 -1.03949e+06 -1.01942e+06
645 20132.2 -1.03955e+06 -1.01942e+06
646 20189.9 -1.03961e+06 -1.01942e+06
647 20247.8 -1.03967e+06 -1.01942e+06
648 20305.6 -1.03972e+06 -1.01942e+06
649 20363.6 -1.03978e+06 -1.01942e+06
650 20421.6 -1.03984e+06 -1.01942e+06
651 20479.7 -1.0399e+06 -1.01942e+06
652 20537.9 -1.03996e+06 -1.01942e+06
653 20596.1 -1.04002e+06 -1.01942e+06
654 20654.4 -1.04007e+06 -1.01942e+06
655 20712.8 -1.04013e+06 -1.01942e+06
656 20771.2 -1.04019e+06 -1.01942e+06
657 20829.7 -1.04025e+06 -1.01942e+06
658 20888.3 -1.04031e+06 -1.01942e+06
659 20947 -1.04037e+06 -1.01942e+06
660 21005.7 -1.04043e+06 -1.01942e+06
661 21064.5 -1.04048e+06 -1.01942e+06
662 21123.4 -1.04054e+06 -1.01942e+06
663 21182.4 -1.0406e+06 -1.01942e+06
664 21241.4 -1.04066e+06 -1.01942e+06
665 21300.5 -1.04072e+06 -1.01942e+06
666 21359.7 -1.04078e+06 -1.01942e+06
667 21419 -1.04084e+06 -1.01942e+06
668 21478.3 -1.0409e+06 -1.01942e+06
669 21537.7 -1.04096e+06 -1.01942e+06
670 21597.2 -1.04102e+06 -1.01942e+06
671 21656.8 -1.04108e+06 -1.01942e+06
672 21716.5 -1.04114e+06 -1.01942e+06
673 21776.2 -1.0412e+06 -1.01942e+06
674 21836 -1.04126e+06 -1.01942e+06
675 21896 -1.04132e+06 -1.01942e+06
676 21955.9 -1.04138e+06 -1.01942e+06
677 22016 -1.04144e+06 -1.01942e+06
678 22076.2 -1.0415e+06 -1.01942e+06
679 22136.4 -1.04156e+06 -1.01942e+06
680 22196.8 -1.04162e+06 -1.01942e+06
681 22257.2 -1.04168e+06 -1.01942e+06
682 22317.7 -1.04174e+06 -1.01942e+06
683 22378.3 -1.0418e+06 -1.01942e+06
684 22438.9 -1.04186e+06 -1.01942e+06
685 22499.7 -1.04192e+06 -1.01942e+06
686 22560.6 -1.04198e+06 -1.01942e+06
687 22621.5 -1.04204e+06 -1.01942e+06
688 22682.5 -1.0421e+06 -1.01942e+06
689 22743.7 -1.04216e+06 -1.01942e+06
690 22804.9 -1.04223e+06 -1.01942e+06
691 22866.2 -1.04229e+06 -1.01942e+06
692 22927.6 -1.04235e+06 -1.01942e+06
693 22989.1 -1.04241e+06 -1.01942e+06
694 23050.6 -1.04247e+06 -1.01942e+06
695 23112.3 -1.04253e+06 -1.01942e+06
696 23174.1 -1.0426e+06 -1.01942e+06
697 23235.9 -1.04266e+06 -1.01942e+06
698 23297.9 -1.04272e+06 -1.01942e+06
699 23360 -1.04278e+06 -1.01942e+06
700 23422.1 -1.04284e+06 -1.01942e+06
701 23484.4 -1.04291e+06 -1.01942e+06
702 23546.7 -1.04297e+06 -1.01942e+06
703 23609.2 -1.04303e+06 -1.01942e+06
704 23671.7 -1.04309e+06 -1.01942e+06
705 23734.3 -1.04316e+06 -1.01942e+06
706 23797.1 -1.04322e+06 -1.01942e+06
707 23859.9 -1.04328e+06 -1.01942e+06
708 23922.9 -1.04334e+06 -1.01942e+06
709 23985.9 -1.04341e+06 -1.01942e+06
710 24049.1 -1.04347e+06 -1.01942e+06
711 24112.3 -1.04353e+06 -1.01942e+06
712 24175.6 -1.0436e+06 -1.01942e+06
713 24239.1 -1.04366e+06 -1.01942e+06
714 24302.6 -1.04372e+06 -1.01942e+06
715 24366.3 -1.04379e+06 -1.01942e+06
716 24430.1 -1.04385e+06 -1.01942e+06
717 24493.9 -1.04392e+06 -1.01942e+06
718 24557.9 -1.04398e+06 -1.01942e+06
719 24622 -1.04404e+06 -1.01942e+06
720 24686.1 -1.04411e+06 -1.01942e+06
721 24750.4 -1.04417e+06 -1.01942e+06
722 24814.8 -1.04424e+06 -1.01942e+06
723 24879.3 -1.0443e+06 -1.01942e+06
724 24943.9 -1.04437e+06 -1.01942e+06
725 25008.6 -1.04443e+06 -1.01942e+06
726 25073.4 -1.0445e+06 -1.01942e+06
727 25138.3 -1.04456e+06 -1.01942e+06
728 25203.4 -1.04463e+06 -1.01942e+06
729 25268.5 -1.04469e+06 -1.01942e+06
730 25333.8 -1.04476e+06 -1.01942e+06
731 25399.1 -1.04482e+06 -1.01942e+06
732 25464.6 -1.04489e+06 -1.01942e+06
733 25530.1 -1.04495e+06 -1.01942e+06
734 25595.8 -1.04502e+06 -1.01942e+06
735 25661.6 -1.04508e+06 -1.01942e+06
736 25727.5 -1.04515e+06 -1.01942e+06
737 25793.5 -1.04522e+06 -1.01942e+06
738 25859.6 -1.04528e+06 -1.01942e+06
739 25925.9 -1.04535e+06 -1.01942e+06
740 25992.2 -1.04542e+06 -1.01942e+06
741 26058.6 -1.04548e+06 -1.01942e+06
742 26125.2 -1.04555e+06 -1.01942e+06
743 26191.9 -1.04562e+06 -1.01942e+06
744 26258.6 -1.04568e+06 -1.01942e+06
745 26325.5 -1.04575e+06 -1.01942e+06
746 26392.5 -1.04582e+06 -1.01942e+06
747 26459.6 -1.04588e+06 -1.01942e+06
748 26526.8 -1.04595e+06 -1.01942e+06
749 26594.1 -1.04602e+06 -1.01942e+06
750 26661.6 -1.04609e+06 -1.01942e+06
751 26729.1 -1.04615e+06 -1.01942e+06
752 26796.8 -1.04622e+06 -1.01942e+06
753 26864.5 -1.04629e+06 -1.01942e+06
754 26932.4 -1.04636e+06 -1.01942e+06
755 27000.4 -1.04642e+06 -1.01942e+06
756 27068.5 -1.04649e+06 -1.01942e+06
757 27136.7 -1.04656e+06 -1.01942e+06
758 27205 -1.04663e+06 -1.01942e+06
759 27273.4 -1.0467e+06 -1.01942e+06
760 27341.9 -1.04677e+06 -1.01942e+06
761 27410.6 -1.04684e+06 -1.01942e+06
762 27479.3 -1.0469e+06 -1.01942e+06
763 27548.1 -1.04697e+06 -1.01942e+06
764 27617.1 -1.04704e+06 -1.01942e+06
765 27686.2 -1.04711e+06 -1.01942e+06
766 27755.3 -1.04718e+06 -1.01942e+06
767 27824.6 -1.04725e+06 -1.01942e+06
768 27894 -1.04732e+06 -1.01942e+06
769 27963.5 -1.04739e+06 -1.01943e+06
770 28033.1 -1.04746e+06 -1.01943e+06
771 28102.8 -1.04753e+06 -1.01943e+06
772 28172.6 -1.0476e+06 -1.01943e+06
773 28242.5 -1.04767e+06 -1.01943e+06
774 28312.5 -1.04774e+06 -1.01943e+06
775 28382.6 -1.04781e+06 -1.01943e+06
776 28452.8 -1.04788e+06 -1.01943e+06
777 28523.1 -1.04795e+06 -1.01943e+06
778 28593.5 -1.04802e+06 -1.01943e+06
779 28664 -1.04809e+06 -1.01943e+06
780 28734.6 -1.04816e+06 -1.01943e+06
781 28805.3 -1.04823e+06 -1.01943e+06
782 28876.2 -1.0483e+06 -1.01943e+06
783 28947.1 -1.04837e+06 -1.01943e+06
784 29018.1 -1.04844e+06 -1.01943e+06
785 29089.2 -1.04851e+06 -1.01943e+06
786 29160.4 -1.04859e+06 -1.01943e+06
787 29231.7 -1.04866e+06 -1.01943e+06
788 29303.1 -1.04873e+06 -1.01943e+06
789 29374.5 -1.0488e+06 -1.01943e+06
790 29446.1 -1.04887e+06 -1.01943e+06
791 29517.8 -1.04894e+06 -1.01943e+06
792 29589.5 -1.04902e+06 -1.01943e+06
793 29661.4 -1.04909e+06 -1.01943e+06
794 29733.3 -1.04916e+06 -1.01943e+06
795 29805.4 -1.04923e+06 -1.01943e+06
796 29877.5 -1.0493e+06 -1.01943e+06
797 29949.7 -1.04938e+06 -1.01943e+06
798 30022 -1.04945e+06 -1.01943e+06
799 30094.4 -1.04952e+06 -1.01943e+06
800 30166.8 -1.04959e+06 -1.01943e+06
801 30239.4 -1.04967e+06 -1.01943e+06
802 30312 -1.04974e+06 -1.01943e+06
803 30384.7 -1.04981e+06 -1.01943e+06
804 30457.5 -1.04988e+06 -1.01943e+06
805 30530.4 -1.04996e+06 -1.01943e+06
806 30603.3 -1.05003e+06 -1.01943e+06
807 30676.4 -1.0501e+06 -1.01943e+06
808 30749.5 -1.05018e+06 -1.01943e+06
809 30822.7 -1.05025e+06 -1.01943e+06
810 30895.9 -1.05032e+06 -1.01943e+06
811 30969.2 -1.0504e+06 -1.01943e+06
812 31042.6 -1.05047e+06 -1.01943e+06
813 31116.1 -1.05054e+06 -1.01943e+06
814 31189.7 -1.05062e+06 -1.01943e+06
815 31263.3 -1.05069e+06 -1.01943e+06
816 31337 -1.05076e+06 -1.01943e+06
817 31410.7 -1.05084e+06 -1.01943e+06
818 31484.5 -1.05091e+06 -1.01943e+06
819 31558.4 -1.05099e+06 -1.01943e+06
820 31632.4 -1.05106e+06 -1.01943e+06
821 31706.4 -1.05113e+06 -1.01943e+06
822 31780.4 -1.05121e+06 -1.01943e+06
823 31854.6 -1.05128e+06 -1.01943e+06
824 31928.8 -1.05136e+06 -1.01943e+06
825 32003 -1.05143e+06 -1.01943e+06
826 32077.3 -1.0515e+06 -1.01943e+06
827 32151.7 -1.05158e+06 -1.01943e+06
828 32226.1 -1.05165e+06 -1.01943e+06
829 32300.6 -1.05173e+06 -1.01943e+06
830 32375.1 -1.0518e+06 -1.01943e+06
831 32449.7 -1.05188e+06 -1.01943e+06
832 32524.3 -1.05195e+06 -1.01943e+06
833 32599 -1.05203e+06 -1.01943e+06
834 32673.7 -1.0521e+06 -1.01943e+06
835 32748.5 -1.05218e+06 -1.01943e+06
836 32823.3 -1.05225e+06 -1.01943e+06
837 32898.1 -1.05233e+06 -1.01943e+06
838 32973 -1.0524e+06 -1.01943e+06
839 33048 -1.05248e+06 -1.01943e+06
840 33123 -1.05255e+06 -1.01943e+06
841 33198 -1.05263e+06 -1.01943e+06
842 33273 -1.0527e+06 -1.01943e+06
843 33348.1 -1.05278e+06 -1.01943e+06
844 33423.3 -1.05285e+06 -1.01943e+06
845 33498.4 -1.05293e+06 -1.01943e+06
846 33573.7 -1.053e+06 -1.01943e+06
847 33648.9 -1.05308e+06 -1.01943e+06
848 33724.2 -1.05315e+06 -1.01943e+06
849 33799.5 -1.05323e+06 -1.01943e+06
850 33874.8 -1.0533e+06 -1.01943e+06
851 33950.2 -1.05338e+06 -1.01943e+06
852 34025.5 -1.05345e+06 -1.01943e+06
853 34101 -1.05353e+06 -1.01943e+06
854 34176.4 -1.0536e+06 -1.01943e+06
855 34251.9 -1.05368e+06 -1.01943e+06
856 34327.3 -1.05376e+06 -1.01943e+06
857 34402.9 -1.05383e+06 -1.01943e+06
858 34478.4 -1.05391e+06 -1.01943e+06
859 34553.9 -1.05398e+06 -1.01943e+06
860 34629.5 -1.05406e+06 -1.01943e+06
861 34705.1 -1.05413e+06 -1.01943e+06
862 34780.7 -1.05421e+06 -1.01943e+06
863 34856.3 -1.05428e+06 -1.01943e+06
864 34932 -1.05436e+06 -1.01943e+06
865 35007.6 -1.05444e+06 -1.01943e+06
866 35083.3 -1.05451e+06 -1.01943e+06
867 35159 -1.05459e+06 -1.01943e+06
868 35234.7 -1.05466e+06 -1.01943e+06
869 35310.4 -1.05474e+06 -1.01943e+06
870 35386.1 -1.05481e+06 -1.01943e+06
871 35461.9 -1.05489e+06 -1.01943e+06
872 35537.6 -1.05497e+06 -1.01943e+06
873 35613.4 -1.05504e+06 -1.01943e+06
874 35689.1 -1.05512e+06 -1.01943e+06
875 35764.9 -1.05519e+06 -1.01943e+06
876 35840.7 -1.05527e+06 -1.01943e+06
877 35916.4 -1.05534e+06 -1.01943e+06
878 35992.2 -1.05542e+06 -1.01943e+06
879 36068 -1.0555e+06 -1.01943e+06
880 36143.8 -1.05557e+06 -1.01943e+06
881 36219.6 -1.05565e+06 -1.01943e+06
882 36295.4 -1.05572e+06 -1.01943e+06
883 36371.3 -1.0558e+06 -1.01943e+06
884 36447.1 -1.05588e+06 -1.01943e+06
885 36522.9 -1.05595e+06 -1.01943e+06
886 36598.7 -1.05603e+06 -1.01943e+06
887 36674.5 -1.0561e+06 -1.01943e+06
888 36750.4 -1.05618e+06 -1.01943e+06
889 36826.2 -1.05625e+06 -1.01943e+06
890 36902 -1.05633e+06 -1.01943e+06
891 36977.8 -1.05641e+06 -1.01943e+06
892 37053.7 -1.05648e+06 -1.01943e+06
893 37129.5 -1.05656e+06 -1.01943e+06
894 37205.3 -1.05663e+06 -1.01943e+06
895 37281.2 -1.05671e+06 -1.01943e+06
896 37357 -1.05679e+06 -1.01943e+06
897 37432.8 -1.05686e+06 -1.01943e+06
898 37508.6 -1.05694e+06 -1.01943e+06
899 37584.5 -1.05701e+06 -1.01943e+06
900 37660.3 -1.05709e+06 -1.01943e+06
901 37736.1 -1.05716e+06 -1.01943e+06
902 37812 -1.05724e+06 -1.01943e+06
903 37887.8 -1.05732e+06 -1.01943e+06
904 37963.6 -1.05739e+06 -1.01943e+06
905 38039.5 -1.05747e+06 -1.01943e+06
906 38115.3 -1.05754e+06 -1.01943e+06
907 38191.1 -1.05762e+06 -1.01943e+06
908 38267 -1.0577e+06 -1.01943e+06
909 38342.8 -1.05777e+06 -1.01943e+06
910 38418.6 -1.05785e+06 -1.01943e+06
911 38494.5 -1.05792e+06 -1.01943e+06
912 38570.3 -1.058e+06 -1.01943e+06
913 38646.1 -1.05807e+06 -1.01943e+06
914 38722 -1.05815e+06 -1.01943e+06
915 38797.8 -1.05823e+06 -1.01943e+06
916 38873.7 -1.0583e+06 -1.01943e+06
917 38949.5 -1.05838e+06 -1.01943e+06
918 39025.4 -1.05845e+06 -1.01943e+06
919 39101.2 -1.05853e+06 -1.01943e+06
920 39177.1 -1.05861e+06 -1.01943e+06
921 39253 -1.05868e+06 -1.01943e+06
922 39328.9 -1.05876e+06 -1.01943e+06
923 39404.8 -1.05883e+06 -1.01943e+06
924 39480.6 -1.05891e+06 -1.01943e+06
925 39556.5 -1.05898e+06 -1.01943e+06
926 39632.5 -1.05906e+06 -1.01943e+06
927 39708.4 -1.05914e+06 -1.01943e+06
928 39784.3 -1.05921e+06 -1.01943e+06
929 39860.2 -1.05929e+06 -1.01943e+06
930 39936.2 -1.05936e+06 -1.01943e+06
931 40012.1 -1.05944e+06 -1.01943e+06
932 40088.1 -1.05952e+06 -1.01943e+06
933 40164.1 -1.05959e+06 -1.01943e+06
934 40240.1 -1.05967e+06 -1.01943e+06
935 40316.1 -1.05974e+06 -1.01943e+06
936 40392.1 -1.05982e+06 -1.01943e+06
937 40468.2 -1.0599e+06 -1.01943e+06
938 40544.2 -1.05997e+06 -1.01943e+06
939 40620.3 -1.06005e+06 -1.01943e+06
940 40696.4 -1.06012e+06 -1.01943e+06
941 40772.5 -1.0602e+06 -1.01943e+06
942 40848.7 -1.06028e+06 -1.01943e+06
943 40924.8 -1.06035e+06 -1.01943e+06
944 41001 -1.06043e+06 -1.01943e+06
945 41077.2 -1.06051e+06 -1.01943e+06
946 41153.4 -1.06058e+06 -1.01943e+06
947 41229.7 -1.06066e+06 -1.01943e+06
948 41305.9 -1.06073e+06 -1.01943e+06
949 41382.2 -1.06081e+06 -1.01943e+06
950 41458.5 -1.06089e+06 -1.01943e+06
951 41534.9 -1.06096e+06 -1.01943e+06
952 41611.3 -1.06104e+06 -1.01943e+06
953 41687.7 -1.06112e+06 -1.01943e+06
954 41764.1 -1.06119e+06 -1.01943e+06
955 41840.6 -1.06127e+06 -1.01943e+06
956 41917.1 -1.06135e+06 -1.01943e+06
957 41993.6 -1.06142e+06 -1.01943e+06
958 42070.2 -1.0615e+06 -1.01943e+06
959 42146.8 -1.06158e+06 -1.01943e+06
960 42223.4 -1.06165e+06 -1.01943e+06
961 42300.1 -1.06173e+06 -1.01943e+06
962 42376.8 -1.06181e+06 -1.01943e+06
963 42453.6 -1.06188e+06 -1.01943e+06
964 42530.4 -1.06196e+06 -1.01943e+06
965 42607.2 -1.06204e+06 -1.01943e+06
966 42684.1 -1.06211e+06 -1.01943e+06
967 42761 -1.06219e+06 -1.01943e+06
968 42838 -1.06227e+06 -1.01943e+06
969 42915 -1.06234e+06 -1.01943e+06
970 42992 -1.06242e+06 -1.01943e+06
971 43069.1 -1.0625e+06 -1.01943e+06
972 43146.3 -1.06258e+06 -1.01943e+06
973 43223.5 -1.06265e+06 -1.01943e+06
974 43300.7 -1.06273e+06 -1.01943e+06
975 43378 -1.06281e+06 -1.01943e+06
976 43455.3 -1.06288e+06 -1.01943e+06
977 43532.7 -1.06296e+06 -1.01943e+06
978 43610.2 -1.06304e+06 -1.01943e+06
979 43687.7 -1.06312e+06 -1.01943e+06
980 43765.2 -1.06319e+06 -1.01943e+06
981 43842.8 -1.06327e+06 -1.01943e+06
982 43920.5 -1.06335e+06 -1.01943e+06
983 43998.2 -1.06343e+06 -1.01943e+06
984 44076 -1.06351e+06 -1.01943e+06
985 44153.8 -1.06358e+06 -1.01943e+06
986 44231.7 -1.06366e+06 -1.01943e+06
987 44309.7 -1.06374e+06 -1.01943e+06
988 44387.7 -1.06382e+06 -1.01943e+06
989 44465.8 -1.0639e+06 -1.01943e+06
990 44543.9 -1.06397e+06 -1.01943e+06
991 44622.1 -1.06405e+06 -1.01943e+06
992 44700.4 -1.06413e+06 -1.01943e+06
993 44778.7 -1.06421e+06 -1.01943e+06
994 44857.1 -1.06429e+06 -1.01943e+06
995 44935.6 -1.06437e+06 -1.01943e+06
996 45014.1 -1.06444e+06 -1.01943e+06
997 45092.7 -1.06452e+06 -1.01943e+06
998 45171.4 -1.0646e+06 -1.01943e+06
999 45250.1 -1.06468e+06 -1.01943e+06
1000 45329 -1.06476e+06 -1.01943e+06
1001 45407.8 -1.06484e+06 -1.01943e+06
1002 45486.8 -1.06492e+06 -1.01943e+06
1003 45565.8 -1.065e+06 -1.01943e+06
1004 45644.9 -1.06507e+06 -1.01943e+06
1005 45724.1 -1.06515e+06 -1.01943e+06
1006 45803.3 -1.06523e+06 -1.01943e+06
1007 45882.7 -1.06531e+06 -1.01943e+06
1008 45962.1 -1.06539e+06 -1.01943e+06
1009 46041.5 -1.06547e+06 -1.01943e+06
1010 46121.1 -1.06555e+06 -1.01943e+06
1011 46200.7 -1.06563e+06 -1.01943e+06
1012 46280.4 -1.06571e+06 -1.01943e+06
1013 46360.2 -1.06579e+06 -1.01943e+06
1014 46440.1 -1.06587e+06 -1.01943e+06
1015 46520 -1.06595e+06 -1.01943e+06
1016 46600 -1.06603e+06 -1.01943e+06
1017 46680.1 -1.06611e+06 -1.01943e+06
1018 46760.3 -1.06619e+06 -1.01943e+06
1019 46840.6 -1.06627e+06 -1.01943e+06
1020 46920.9 -1.06635e+06 -1.01943e+06
1021 47001.4 -1.06643e+06 -1.01943e+06
1022 47081.9 -1.06651e+06 -1.01943e+06
1023 47162.5 -1.06659e+06 -1.01943e+06
1024 47243.1 -1.06667e+06 -1.01943e+06
1025 47323.9 -1.06675e+06 -1.01943e+06
1026 47404.7 -1.06684e+06 -1.01943e+06
1027 47485.7 -1.06692e+06 -1.01943e+06
1028 47566.7 -1.067e+06 -1.01943e+06
1029 47647.8 -1.06708e+06 -1.01943e+06
1030 47728.9 -1.06716e+06 -1.01943e+06
1031 47810.2 -1.06724e+06 -1.01943e+06
1032 47891.6 -1.06732e+06 -1.01943e+06
1033 47973 -1.0674e+06 -1.01943e+06
1034 48054.5 -1.06749e+06 -1.01943e+06
1035 48136.1 -1.06757e+06 -1.01943e+06
1036 48217.8 -1.06765e+06 -1.01943e+06
1037 48299.6 -1.06773e+06 -1.01943e+06
1038 48381.5 -1.06781e+06 -1.01943e+06
1039 48463.4 -1.06789e+06 -1.01943e+06
1040 48545.5 -1.06798e+06 -1.01943e+06
1041 48627.6 -1.06806e+06 -1.01943e+06
1042 48709.8 -1.06814e+06 -1.01943e+06
1043 48792.1 -1.06822e+06 -1.01943e+06
1044 48874.5 -1.06831e+06 -1.01943e+06
1045 48957 -1.06839e+06 -1.01943e+06
1046 49039.6 -1.06847e+06 -1.01943e+06
1047 49122.2 -1.06855e+06 -1.01943e+06
1048 49205 -1.06864e+06 -1.01943e+06
1049 49287.8 -1.06872e+06 -1.01943e+06
1050 49370.7 -1.0688e+06 -1.01943e+06
1051 49453.7 -1.06889e+06 -1.01943e+06
1052 49536.8 -1.06897e+06 -1.01943e+06
1053 49620 -1.06905e+06 -1.01943e+06
1054 49703.3 -1.06914e+06 -1.01943e+06
1055 49786.7 -1.06922e+06 -1.01943e+06
1056 49870.1 -1.0693e+06 -1.01943e+06
1057 49953.7 -1.06939e+06 -1.01943e+06
1058 50037.3 -1.06947e+06 -1.01943e+06
1059 50121 -1.06955e+06 -1.01943e+06
1060 50204.8 -1.06964e+06 -1.01943e+06
1061 50288.7 -1.06972e+06 -1.01943e+06
1062 50372.7 -1.0698e+06 -1.01943e+06
1063 50456.7 -1.06989e+06 -1.01943e+06
1064 50540.9 -1.06997e+06 -1.01943e+06
1065 50625.1 -1.07006e+06 -1.01943e+06
1066 50709.4 -1.07014e+06 -1.01943e+06
1067 50793.8 -1.07023e+06 -1.01943e+06
1068 50878.3 -1.07031e+06 -1.01943e+06
1069 50962.9 -1.0704e+06 -1.01943e+06
1070 51047.6 -1.07048e+06 -1.01943e+06
1071 51132.4 -1.07056e+06 -1.01943e+06
1072 51217.2 -1.07065e+06 -1.01943e+06
1073 51302.1 -1.07073e+06 -1.01943e+06
1074 51387.2 -1.07082e+06 -1.01943e+06
1075 51472.3 -1.07091e+06 -1.01943e+06
1076 51557.4 -1.07099e+06 -1.01943e+06
1077 51642.7 -1.07108e+06 -1.01943e+06
1078 51728.1 -1.07116e+06 -1.01943e+06
1079 51813.5 -1.07125e+06 -1.01943e+06
1080 51899 -1.07133e+06 -1.01943e+06
1081 51984.6 -1.07142e+06 -1.01943e+06
1082 52070.3 -1.0715e+06 -1.01943e+06
1083 52156.1 -1.07159e+06 -1.01943e+06
1084 52242 -1.07168e+06 -1.01943e+06
1085 52327.9 -1.07176e+06 -1.01943e+06
1086 52414 -1.07185e+06 -1.01943e+06
1087 52500.1 -1.07193e+06 -1.01943e+06
1088 52586.3 -1.07202e+06 -1.01943e+06
1089 52672.5 -1.07211e+06 -1.01943e+06
1090 52758.9 -1.07219e+06 -1.01943e+06
1091 52845.3 -1.07228e+06 -1.01943e+06
1092 52931.9 -1.07237e+06 -1.01943e+06
1093 53018.5 -1.07245e+06 -1.01943e+06
1094 53105.1 -1.07254e+06 -1.01943e+06
1095 53191.9 -1.07263e+06 -1.01943e+06
1096 53278.7 -1.07271e+06 -1.01943e+06
1097 53365.7 -1.0728e+06 -1.01943e+06
1098 53452.7 -1.07289e+06 -1.01943e+06
1099 53539.8 -1.07297e+06 -1.01943e+06
1100 53626.9 -1.07306e+06 -1.01943e+06
1101 53714.1 -1.07315e+06 -1.01943e+06
1102 53801.5 -1.07324e+06 -1.01943e+06
1103 53888.9 -1.07332e+06 -1.01943e+06
1104 53976.3 -1.07341e+06 -1.01943e+06
1105 54063.9 -1.0735e+06 -1.01943e+06
1106 54151.5 -1.07359e+06 -1.01943e+06
1107 54239.2 -1.07367e+06 -1.01943e+06
1108 54327 -1.07376e+06 -1.01943e+06
1109 54414.8 -1.07385e+06 -1.01943e+06
1110 54502.8 -1.07394e+06 -1.01943e+06
1111 54590.8 -1.07403e+06 -1.01943e+06
1112 54678.8 -1.07411e+06 -1.01943e+06
1113 54767 -1.0742e+06 -1.01943e+06
1114 54855.2 -1.07429e+06 -1.01943e+06
1115 54943.5 -1.07438e+06 -1.01943e+06
1116 55031.9 -1.07447e+06 -1.01943e+06
1117 55120.3 -1.07455e+06 -1.01943e+06
1118 55208.8 -1.07464e+06 -1.01943e+06
1119 55297.4 -1.07473e+06 -1.01943e+06
1120 55386.1 -1.07482e+06 -1.01943e+06
1121 55474.8 -1.07491e+06 -1.01943e+06
1122 55563.6 -1.075e+06 -1.01943e+06
1123 55652.5 -1.07509e+06 -1.01943e+06
1124 55741.4 -1.07518e+06 -1.01943e+06
1125 55830.4 -1.07527e+06 -1.01943e+06
1126 55919.5 -1.07535e+06 -1.01943e+06
1127 56008.6 -1.07544e+06 -1.01943e+06
1128 56097.8 -1.07553e+06 -1.01943e+06
1129 56187.1 -1.07562e+06 -1.01943e+06
1130 56276.4 -1.07571e+06 -1.01943e+06
1131 56365.8 -1.0758e+06 -1.01943e+06
1132 56455.2 -1.07589e+06 -1.01943e+06
1133 56544.8 -1.07598e+06 -1.01944e+06
1134 56634.4 -1.07607e+06 -1.01944e+06
1135 56724 -1.07616e+06 -1.01944e+06
1136 56813.7 -1.07625e+06 -1.01944e+06
1137 56903.5 -1.07634e+06 -1.01944e+06
1138 56993.3 -1.07643e+06 -1.01944e+06
1139 57083.2 -1.07652e+06 -1.01944e+06
1140 57173.2 -1.07661e+06 -1.01944e+06
1141 57263.2 -1.0767e+06 -1.01944e+06
1142 57353.2 -1.07679e+06 -1.01944e+06
1143 57443.4 -1.07688e+06 -1.01944e+06
1144 57533.5 -1.07697e+06 -1.01944e+06
1145 57623.8 -1.07706e+06 -1.01944e+06
1146 57714.1 -1.07715e+06 -1.01944e+06
1147 57804.4 -1.07724e+06 -1.01944e+06
1148 57894.8 -1.07733e+06 -1.01944e+06
1149 57985.3 -1.07742e+06 -1.01944e+06
1150 58075.8 -1.07751e+06 -1.01944e+06
1151 58166.3 -1.0776e+06 -1.01944e+06
1152 58256.9 -1.07769e+06 -1.01944e+06
1153 58347.6 -1.07778e+06 -1.01944e+06
1154 58438.2 -1.07787e+06 -1.01944e+06
1155 58529 -1.07796e+06 -1.01944e+06
1156 58619.8 -1.07806e+06 -1.01944e+06
1157 58710.6 -1.07815e+06 -1.01944e+06
1158 58801.5 -1.07824e+06 -1.01944e+06
1159 58892.4 -1.07833e+06 -1.01944e+06
1160 58983.4 -1.07842e+06 -1.01944e+06
1161 59074.4 -1.07851e+06 -1.01944e+06
1162 59165.4 -1.0786e+06 -1.01944e+06
1163 59256.5 -1.07869e+06 -1.01944e+06
1164 59347.7 -1.07878e+06 -1.01944e+06
1165 59438.8 -1.07887e+06 -1.01944e+06
1166 59530 -1.07897e+06 -1.01944e+06
1167 59621.3 -1.07906e+06 -1.01944e+06
1168 59712.5 -1.07915e+06 -1.01944e+06
1169 59803.9 -1.07924e+06 -1.01944e+06
1170 59895.2 -1.07933e+06 -1.01944e+06
1171 59986.6 -1.07942e+06 -1.01944e+06
1172 60078 -1.07951e+06 -1.01944e+06
1173 60169.5 -1.07961e+06 -1.01944e+06
1174 60260.9 -1.0797e+06 -1.01944e+06
1175 60352.4 -1.07979e+06 -1.01944e+06
1176 60444 -1.07988e+06 -1.01944e+06
1177 60535.6 -1.07997e+06 -1.01944e+06
1178 60627.2 -1.08006e+06 -1.01944e+06
1179 60718.8 -1.08015e+06 -1.01944e+06
1180 60810.4 -1.08025e+06 -1.01944e+06
1181 60902.1 -1.08034e+06 -1.01944e+06
1182 60993.8 -1.08043e+06 -1.01944e+06
1183 61085.6 -1.08052e+06 -1.01944e+06
1184 61177.3 -1.08061e+06 -1.01944e+06
1185 61269.1 -1.08071e+06 -1.01944e+06
1186 61360.9 -1.0808e+06 -1.01944e+06
1187 61452.8 -1.08089e+06 -1.01944e+06
1188 61544.6 -1.08098e+06 -1.01944e+06
1189 61636.5 -1.08107e+06 -1.01944e+06
1190 61728.4 -1.08116e+06 -1.01944e+06
1191 61820.3 -1.08126e+06 -1.01944e+06
1192 61912.3 -1.08135e+06 -1.01944e+06
1193 62004.3 -1.08144e+06 -1.01944e+06
1194 62096.2 -1.08153e+06 -1.01944e+06
1195 62188.3 -1.08162e+06 -1.01944e+06
1196 62280.3 -1.08172e+06 -1.01944e+06
1197 62372.3 -1.08181e+06 -1.01944e+06
1198 62464.4 -1.0819e+06 -1.01944e+06
1199 62556.5 -1.08199e+06 -1.01944e+06
1200 62648.6 -1.08208e+06 -1.01944e+06
1201 62740.8 -1.08218e+06 -1.01944e+06
1202 62832.9 -1.08227e+06 -1.01944e+06
1203 62925.1 -1.08236e+06 -1.01944e+06
1204 63017.3 -1.08245e+06 -1.01944e+06
1205 63109.5 -1.08255e+06 -1.01944e+06
1206 63201.7 -1.08264e+06 -1.01944e+06
1207 63294 -1.08273e+06 -1.01944e+06
1208 63386.2 -1.08282e+06 -1.01944e+06
1209 63478.5 -1.08291e+06 -1.01944e+06
1210 63570.8 -1.08301e+06 -1.01944e+06
1211 63663.2 -1.0831e+06 -1.01944e+06
1212 63755.5 -1.08319e+06 -1.01944e+06
1213 63847.9 -1.08328e+06 -1.01944e+06
1214 63940.3 -1.08338e+06 -1.01944e+06
1215 64032.7 -1.08347e+06 -1.01944e+06
1216 64125.1 -1.08356e+06 -1.01944e+06
1217 64217.5 -1.08365e+06 -1.01944e+06
1218 64310 -1.08375e+06 -1.01944e+06
1219 64402.5 -1.08384e+06 -1.01944e+06
1220 64495 -1.08393e+06 -1.01944e+06
1221 64587.5 -1.08402e+06 -1.01944e+06
1222 64680 -1.08412e+06 -1.01944e+06
1223 64772.5 -1.08421e+06 -1.01944e+06
1224 64865.1 -1.0843e+06 -1.01944e+06
1225 64957.7 -1.08439e+06 -1.01944e+06
1226 65050.3 -1.08449e+06 -1.01944e+06
1227 65142.9 -1.08458e+06 -1.01944e+06
1228 65235.5 -1.08467e+06 -1.01944e+06
1229 65328.2 -1.08476e+06 -1.01944e+06
1230 65420.8 -1.08486e+06 -1.01944e+06
1231 65513.5 -1.08495e+06 -1.01944e+06
1232 65606.2 -1.08504e+06 -1.01944e+06
1233 65698.9 -1.08514e+06 -1.01944e+06
1234 65791.6 -1.08523e+06 -1.01944e+06
1235 65884.3 -1.08532e+06 -1.01944e+06
1236 65977 -1.08541e+06 -1.01944e+06
1237 66069.8 -1.08551e+06 -1.01944e+06
1238 66162.6 -1.0856e+06 -1.01944e+06
1239 66255.3 -1.08569e+06 -1.01944e+06
1240 66348.1 -1.08578e+06 -1.01944e+06
1241 66440.9 -1.08588e+06 -1.01944e+06
1242 66533.7 -1.08597e+06 -1.01944e+06
1243 66626.5 -1.08606e+06 -1.01944e+06
1244 66719.3 -1.08616e+06 -1.01944e+06
1245 66812.1 -1.08625e+06 -1.01944e+06
1246 66904.9 -1.08634e+06 -1.01944e+06
1247 66997.7 -1.08643e+06 -1.01944e+06
1248 67090.5 -1.08653e+06 -1.01944e+06
1249 67183.3 -1.08662e+06 -1.01944e+06
1250 67276.1 -1.08671e+06 -1.01944e+06
1251 67368.9 -1.08681e+06 -1.01944e+06
1252 67461.7 -1.0869e+06 -1.01944e+06
1253 67554.5 -1.08699e+06 -1.01944e+06
1254 67647.3 -1.08708e+06 -1.01944e+06
1255 67740 -1.08718e+06 -1.01944e+06
1256 67832.8 -1.08727e+06 -1.01944e+06
1257 67925.6 -1.08736e+06 -1.01944e+06
1258 68018.3 -1.08745e+06 -1.01944e+06
1259 68111 -1.08755e+06 -1.01944e+06
1260 68203.7 -1.08764e+06 -1.01944e+06
1261 68296.4 -1.08773e+06 -1.01944e+06
1262 68389.1 -1.08783e+06 -1.01944e+06
1263 68481.7 -1.08792e+06 -1.01944e+06
1264 68574.3 -1.08801e+06 -1.01944e+06
1265 68666.9 -1.0881e+06 -1.01944e+06
1266 68759.5 -1.0882e+06 -1.01944e+06
1267 68852 -1.08829e+06 -1.01944e+06
1268 68944.5 -1.08838e+06 -1.01944e+06
1269 69037 -1.08847e+06 -1.01944e+06
1270 69129.4 -1.08857e+06 -1.01944e+06
1271 69221.8 -1.08866e+06 -1.01944e+06
1272 69314.2 -1.08875e+06 -1.01944e+06
1273 69406.5 -1.08884e+06 -1.01944e+06
1274 69498.8 -1.08894e+06 -1.01944e+06
1275 69591 -1.08903e+06 -1.01944e+06
1276 69683.2 -1.08912e+06 -1.01944e+06
1277 69775.4 -1.08921e+06 -1.01944e+06
1278 69867.4 -1.0893e+06 -1.01944e+06
1279 69959.5 -1.0894e+06 -1.01944e+06
1280 70051.5 -1.08949e+06 -1.01944e+06
1281 70143.4 -1.08958e+06 -1.01944e+06
1282 70235.3 -1.08967e+06 -1.01944e+06
1283 70327.1 -1.08976e+06 -1.01944e+06
1284 70418.8 -1.08985e+06 -1.01944e+06
1285 70510.5 -1.08995e+06 -1.01944e+06
1286 70602.1 -1.09004e+06 -1.01944e+06
1287 70693.6 -1.09013e+06 -1.01944e+06
1288 70785.1 -1.09022e+06 -1.01944e+06
1289 70876.5 -1.09031e+06 -1.01944e+06
1290 70967.8 -1.0904e+06 -1.01944e+06
1291 71059.1 -1.09049e+06 -1.01944e+06
1292 71150.2 -1.09059e+06 -1.01944e+06
1293 71241.3 -1.09068e+06 -1.01944e+06
1294 71332.3 -1.09077e+06 -1.01944e+06
1295 71423.3 -1.09086e+06 -1.01944e+06
1296 71514.1 -1.09095e+06 -1.01944e+06
1297 71604.8 -1.09104e+06 -1.01944e+06
1298 71695.5 -1.09113e+06 -1.01944e+06
1299 71786.1 -1.09122e+06 -1.01944e+06
1300 71876.6 -1.09131e+06 -1.01944e+06
1301 71967 -1.0914e+06 -1.01944e+06
1302 72057.2 -1.09149e+06 -1.01944e+06
1303 72147.4 -1.09158e+06 -1.01944e+06
1304 72237.5 -1.09167e+06 -1.01944e+06
1305 72327.5 -1.09176e+06 -1.01944e+06
1306 72417.4 -1.09185e+06 -1.01944e+06
1307 72507.2 -1.09194e+06 -1.01944e+06
1308 72596.9 -1.09203e+06 -1.01944e+06
1309 72686.5 -1.09212e+06 -1.01943e+06
1310 72776 -1.09221e+06 -1.01943e+06
1311 72865.4 -1.0923e+06 -1.01943e+06
1312 72954.6 -1.09239e+06 -1.01943e+06
1313 73043.8 -1.09248e+06 -1.01943e+06
1314 73132.8 -1.09257e+06 -1.01943e+06
1315 73221.8 -1.09266e+06 -1.01943e+06
1316 73310.6 -1.09275e+06 -1.01943e+06
1317 73399.3 -1.09283e+06 -1.01943e+06
1318 73487.9 -1.09292e+06 -1.01943e+06
1319 73576.4 -1.09301e+06 -1.01943e+06
1320 73664.8 -1.0931e+06 -1.01943e+06
1321 73753 -1.09319e+06 -1.01943e+06
1322 73841.2 -1.09328e+06 -1.01943e+06
1323 73929.2 -1.09336e+06 -1.01943e+06
1324 74017.1 -1.09345e+06 -1.01943e+06
1325 74104.9 -1.09354e+06 -1.01943e+06
1326 74192.6 -1.09363e+06 -1.01943e+06
1327 74280.1 -1.09371e+06 -1.01943e+06
1328 74367.6 -1.0938e+06 -1.01943e+06
1329 74454.9 -1.09389e+06 -1.01943e+06
1330 74542.1 -1.09398e+06 -1.01943e+06
1331 74629.2 -1.09406e+06 -1.01943e+06
1332 74716.1 -1.09415e+06 -1.01943e+06
1333 74803 -1.09424e+06 -1.01943e+06
1334 74889.7 -1.09432e+06 -1.01943e+06
1335 74976.4 -1.09441e+06 -1.01943e+06
1336 75062.9 -1.0945e+06 -1.01943e+06
1337 75149.3 -1.09458e+06 -1.01943e+06
1338 75235.5 -1.09467e+06 -1.01943e+06
1339 75321.7 -1.09475e+06 -1.01943e+06
1340 75407.7 -1.09484e+06 -1.01943e+06
1341 75493.7 -1.09493e+06 -1.01943e+06
1342 75579.5 -1.09501e+06 -1.01943e+06
1343 75665.2 -1.0951e+06 -1.01943e+06
1344 75750.8 -1.09518e+06 -1.01943e+06
1345 75836.3 -1.09527e+06 -1.01943e+06
1346 75921.7 -1.09535e+06 -1.01943e+06
1347 76007 -1.09544e+06 -1.01943e+06
1348 76092.1 -1.09552e+06 -1.01943e+06
1349 76177.2 -1.09561e+06 -1.01943e+06
1350 76262.2 -1.09569e+06 -1.01943e+06
1351 76347 -1.09578e+06 -1.01943e+06
1352 76431.8 -1.09586e+06 -1.01943e+06
1353 76516.5 -1.09595e+06 -1.01943e+06
1354 76601 -1.09603e+06 -1.01943e+06
1355 76685.5 -1.09612e+06 -1.01943e+06
1356 76769.9 -1.0962e+06 -1.01943e+06
1357 76854.1 -1.09629e+06 -1.01943e+06
1358 76938.3 -1.09637e+06 -1.01943e+06
1359 77022.4 -1.09645e+06 -1.01943e+06
1360 77106.4 -1.09654e+06 -1.01943e+06
1361 77190.3 -1.09662e+06 -1.01943e+06
1362 77274.2 -1.09671e+06 -1.01943e+06
1363 77357.9 -1.09679e+06 -1.01943e+06
1364 77441.6 -1.09687e+06 -1.01943e+06
1365 77525.2 -1.09696e+06 -1.01943e+06
1366 77608.7 -1.09704e+06 -1.01943e+06
1367 77692.1 -1.09712e+06 -1.01943e+06
1368 77775.4 -1.09721e+06 -1.01943e+06
1369 77858.7 -1.09729e+06 -1.01943e+06
1370 77941.9 -1.09737e+06 -1.01943e+06
1371 78025.1 -1.09746e+06 -1.01943e+06
1372 78108.1 -1.09754e+06 -1.01943e+06
1373 78191.1 -1.09762e+06 -1.01943e+06
1374 78274.1 -1.09771e+06 -1.01943e+06
1375 78356.9 -1.09779e+06 -1.01943e+06
1376 78439.8 -1.09787e+06 -1.01943e+06
1377 78522.5 -1.09795e+06 -1.01943e+06
1378 78605.2 -1.09804e+06 -1.01943e+06
1379 78687.8 -1.09812e+06 -1.01943e+06
1380 78770.4 -1.0982e+06 -1.01943e+06
1381 78853 -1.09828e+06 -1.01943e+06
1382 78935.4 -1.09837e+06 -1.01943e+06
1383 79017.9 -1.09845e+06 -1.01943e+06
1384 79100.3 -1.09853e+06 -1.01943e+06
1385 79182.6 -1.09861e+06 -1.01943e+06
1386 79264.9 -1.0987e+06 -1.01943e+06
1387 79347.1 -1.09878e+06 -1.01943e+06
1388 79429.4 -1.09886e+06 -1.01943e+06
1389 79511.5 -1.09894e+06 -1.01943e+06
1390 79593.7 -1.09902e+06 -1.01943e+06
1391 79675.8 -1.09911e+06 -1.01943e+06
1392 79757.8 -1.09919e+06 -1.01943e+06
1393 79839.8 -1.09927e+06 -1.01943e+06
1394 79921.8 -1.09935e+06 -1.01943e+06
1395 80003.8 -1.09943e+06 -1.01943e+06
1396 80085.7 -1.09952e+06 -1.01943e+06
1397 80167.6 -1.0996e+06 -1.01943e+06
1398 80249.5 -1.09968e+06 -1.01943e+06
1399 80331.3 -1.09976e+06 -1.01943e+06
1400 80413.2 -1.09984e+06 -1.01943e+06
1401 80494.9 -1.09993e+06 -1.01943e+06
1402 80576.7 -1.10001e+06 -1.01943e+06
1403 80658.5 -1.10009e+06 -1.01943e+06
1404 80740.2 -1.10017e+06 -1.01943e+06
1405 80821.9 -1.10025e+06 -1.01943e+06
1406 80903.5 -1.10033e+06 -1.01943e+06
1407 80985.2 -1.10042e+06 -1.01943e+06
1408 81066.8 -1.1005e+06 -1.01943e+06
1409 81148.4 -1.10058e+06 -1.01943e+06
1410 81230 -1.10066e+06 -1.01943e+06
1411 81311.6 -1.10074e+06 -1.01943e+06
1412 81393.2 -1.10082e+06 -1.01943e+06
1413 81474.7 -1.10091e+06 -1.01943e+06
1414 81556.2 -1.10099e+06 -1.01943e+06
1415 81637.7 -1.10107e+06 -1.01943e+06
1416 81719.2 -1.10115e+06 -1.01943e+06
1417 81800.7 -1.10123e+06 -1.01943e+06
1418 81882.1 -1.10131e+06 -1.01943e+06
1419 81963.6 -1.10139e+06 -1.01943e+06
1420 82045 -1.10148e+06 -1.01943e+06
1421 82126.4 -1.10156e+06 -1.01943e+06
1422 82207.7 -1.10164e+06 -1.01943e+06
1423 82289.1 -1.10172e+06 -1.01943e+06
1424 82370.4 -1.1018e+06 -1.01943e+06
1425 82451.7 -1.10188e+06 -1.01943e+06
1426 82533 -1.10196e+06 -1.01943e+06
1427 82614.3 -1.10205e+06 -1.01943e+06
1428 82695.5 -1.10213e+06 -1.01943e+06
1429 82776.8 -1.10221e+06 -1.01943e+06
1430 82858 -1.10229e+06 -1.01943e+06
1431 82939.2 -1.10237e+06 -1.01943e+06
1432 83020.3 -1.10245e+06 -1.01943e+06
1433 83101.5 -1.10253e+06 -1.01943e+06
1434 83182.6 -1.10261e+06 -1.01943e+06
1435 83263.6 -1.10269e+06 -1.01943e+06
1436 83344.7 -1.10278e+06 -1.01943e+06
1437 83425.7 -1.10286e+06 -1.01943e+06
1438 83506.7 -1.10294e+06 -1.01943e+06
1439 83587.7 -1.10302e+06 -1.01943e+06
1440 83668.6 -1.1031e+06 -1.01943e+06
1441 83749.5 -1.10318e+06 -1.01943e+06
1442 83830.3 -1.10326e+06 -1.01943e+06
1443 83911.1 -1.10334e+06 -1.01943e+06
1444 83991.9 -1.10342e+06 -1.01943e+06
1445 84072.7 -1.1035e+06 -1.01943e+06
1446 84153.4 -1.10358e+06 -1.01943e+06
1447 84234 -1.10366e+06 -1.01943e+06
1448 84314.6 -1.10375e+06 -1.01943e+06
1449 84395.2 -1.10383e+06 -1.01943e+06
1450 84475.7 -1.10391e+06 -1.01943e+06
1451 84556.2 -1.10399e+06 -1.01943e+06
1452 84636.6 -1.10407e+06 -1.01943e+06
1453 84717 -1.10415e+06 -1.01943e+06
1454 84797.3 -1.10423e+06 -1.01943e+06
1455 84877.5 -1.10431e+06 -1.01943e+06
1456 84957.7 -1.10439e+06 -1.01943e+06
1457 85037.8 -1.10447e+06 -1.01943e+06
1458 85117.9 -1.10455e+06 -1.01943e+06
1459 85197.9 -1.10463e+06 -1.01943e+06
1460 85277.8 -1.10471e+06 -1.01943e+06
1461 85357.7 -1.10479e+06 -1.01943e+06
1462 85437.5 -1.10487e+06 -1.01943e+06
1463 85517.2 -1.10495e+06 -1.01943e+06
1464 85596.9 -1.10503e+06 -1.01943e+06
1465 85676.4 -1.10511e+06 -1.01943e+06
1466 85755.9 -1.10519e+06 -1.01943e+06
1467 85835.3 -1.10527e+06 -1.01943e+06
1468 85914.6 -1.10534e+06 -1.01943e+06
1469 85993.9 -1.10542e+06 -1.01943e+06
1470 86073 -1.1055e+06 -1.01943e+06
1471 86152 -1.10558e+06 -1.01943e+06
1472 86231 -1.10566e+06 -1.01943e+06
1473 86309.9 -1.10574e+06 -1.01943e+06
1474 86388.6 -1.10582e+06 -1.01943e+06
1475 86467.3 -1.1059e+06 -1.01943e+06
1476 86545.8 -1.10598e+06 -1.01943e+06
1477 86624.3 -1.10605e+06 -1.01943e+06
1478 86702.6 -1.10613e+06 -1.01943e+06
1479 86780.8 -1.10621e+06 -1.01943e+06
1480 86858.9 -1.10629e+06 -1.01943e+06
1481 86936.9 -1.10637e+06 -1.01943e+06
1482 87014.8 -1.10644e+06 -1.01943e+06
1483 87092.6 -1.10652e+06 -1.01943e+06
1484 87170.2 -1.1066e+06 -1.01943e+06
1485 87247.7 -1.10668e+06 -1.01943e+06
1486 87325.1 -1.10675e+06 -1.01943e+06
1487 87402.4 -1.10683e+06 -1.01943e+06
1488 87479.5 -1.10691e+06 -1.01943e+06
1489 87556.5 -1.10699e+06 -1.01943e+06
1490 87633.3 -1.10706e+06 -1.01943e+06
1491 87710 -1.10714e+06 -1.01943e+06
1492 87786.6 -1.10722e+06 -1.01943e+06
1493 87863 -1.10729e+06 -1.01943e+06
1494 87939.3 -1.10737e+06 -1.01943e+06
1495 88015.4 -1.10744e+06 -1.01943e+06
1496 88091.4 -1.10752e+06 -1.01943e+06
1497 88167.2 -1.1076e+06 -1.01943e+06
1498 88242.9 -1.10767e+06 -1.01943e+06
1499 88318.4 -1.10775e+06 -1.01943e+06
1500 88393.8 -1.10782e+06 -1.01943e+06
1501 88469 -1.1079e+06 -1.01943e+06
1502 88544 -1.10797e+06 -1.01943e+06
1503 88618.9 -1.10805e+06 -1.01943e+06
1504 88693.6 -1.10812e+06 -1.01943e+06
1505 88768.2 -1.1082e+06 -1.01943e+06
1506 88842.5 -1.10827e+06 -1.01943e+06
1507 88916.8 -1.10834e+06 -1.01943e+06
1508 88990.8 -1.10842e+06 -1.01943e+06
1509 89064.6 -1.10849e+06 -1.01943e+06
1510 89138.3 -1.10857e+06 -1.01943e+06
1511 89211.8 -1.10864e+06 -1.01943e+06
1512 89285.2 -1.10871e+06 -1.01943e+06
1513 89358.3 -1.10879e+06 -1.01943e+06
1514 89431.3 -1.10886e+06 -1.01943e+06
1515 89504.1 -1.10893e+06 -1.01943e+06
1516 89576.7 -1.109e+06 -1.01943e+06
1517 89649.1 -1.10908e+06 -1.01943e+06
1518 89721.4 -1.10915e+06 -1.01943e+06
1519 89793.4 -1.10922e+06 -1.01943e+06
1520 89865.3 -1.10929e+06 -1.01943e+06
1521 89937 -1.10936e+06 -1.01943e+06
1522 90008.5 -1.10943e+06 -1.01943e+06
1523 90079.8 -1.10951e+06 -1.01943e+06
1524 90151 -1.10958e+06 -1.01943e+06
1525 90221.9 -1.10965e+06 -1.01943e+06
1526 90292.7 -1.10972e+06 -1.01943e+06
1527 90363.2 -1.10979e+06 -1.01943e+06
1528 90433.6 -1.10986e+06 -1.01943e+06
1529 90503.8 -1.10993e+06 -1.01943e+06
1530 90573.8 -1.11e+06 -1.01943e+06
1531 90643.6 -1.11007e+06 -1.01943e+06
1532 90713.3 -1.11014e+06 -1.01942e+06
1533 90782.7 -1.11021e+06 -1.01942e+06
1534 90851.9 -1.11028e+06 -1.01942e+06
1535 90921 -1.11035e+06 -1.01942e+06
1536 90989.9 -1.11041e+06 -1.01942e+06
1537 91058.6 -1.11048e+06 -1.01942e+06
1538 91127.1 -1.11055e+06 -1.01942e+06
1539 91195.4 -1.11062e+06 -1.01942e+06
1540 91263.5 -1.11069e+06 -1.01942e+06
1541 91331.5 -1.11076e+06 -1.01942e+06
1542 91399.3 -1.11082e+06 -1.01942e+06
1543 91466.9 -1.11089e+06 -1.01942e+06
1544 91534.3 -1.11096e+06 -1.01942e+06
1545 91601.5 -1.11103e+06 -1.01942e+06
1546 91668.6 -1.11109e+06 -1.01942e+06
1547 91735.4 -1.11116e+06 -1.01942e+06
1548 91802.2 -1.11123e+06 -1.01942e+06
1549 91868.7 -1.11129e+06 -1.01942e+06
1550 91935.1 -1.11136e+06 -1.01942e+06
1551 92001.3 -1.11142e+06 -1.01942e+06
1552 92067.3 -1.11149e+06 -1.01942e+06
1553 92133.1 -1.11156e+06 -1.01942e+06
1554 92198.8 -1.11162e+06 -1.01942e+06
1555 92264.4 -1.11169e+06 -1.01942e+06
1556 92329.8 -1.11175e+06 -1.01942e+06
1557 92395 -1.11182e+06 -1.01942e+06
1558 92460.1 -1.11188e+06 -1.01942e+06
1559 92525 -1.11195e+06 -1.01942e+06
1560 92589.8 -1.11201e+06 -1.01942e+06
1561 92654.4 -1.11208e+06 -1.01942e+06
1562 92718.9 -1.11214e+06 -1.01942e+06
1563 92783.2 -1.11221e+06 -1.01942e+06
1564 92847.4 -1.11227e+06 -1.01942e+06
1565 92911.5 -1.11233e+06 -1.01942e+06
1566 92975.4 -1.1124e+06 -1.01942e+06
1567 93039.3 -1.11246e+06 -1.01942e+06
1568 93102.9 -1.11252e+06 -1.01942e+06
1569 93166.5 -1.11259e+06 -1.01942e+06
1570 93230 -1.11265e+06 -1.01942e+06
1571 93293.3 -1.11272e+06 -1.01942e+06
1572 93356.5 -1.11278e+06 -1.01942e+06
1573 93419.6 -1.11284e+06 -1.01942e+06
1574 93482.7 -1.1129e+06 -1.01942e+06
1575 93545.6 -1.11297e+06 -1.01942e+06
1576 93608.4 -1.11303e+06 -1.01942e+06
1577 93671.1 -1.11309e+06 -1.01942e+06
1578 93733.7 -1.11316e+06 -1.01942e+06
1579 93796.3 -1.11322e+06 -1.01942e+06
1580 93858.8 -1.11328e+06 -1.01942e+06
1581 93921.2 -1.11334e+06 -1.01942e+06
1582 93983.5 -1.1134e+06 -1.01942e+06
1583 94045.7 -1.11347e+06 -1.01942e+06
1584 94107.9 -1.11353e+06 -1.01942e+06
1585 94170.1 -1.11359e+06 -1.01942e+06
1586 94232.1 -1.11365e+06 -1.01942e+06
1587 94294.2 -1.11372e+06 -1.01942e+06
1588 94356.1 -1.11378e+06 -1.01942e+06
1589 94418.1 -1.11384e+06 -1.01942e+06
1590 94479.9 -1.1139e+06 -1.01942e+06
1591 94541.8 -1.11396e+06 -1.01942e+06
1592 94603.6 -1.11402e+06 -1.01942e+06
1593 94665.4 -1.11409e+06 -1.01942e+06
1594 94727.2 -1.11415e+06 -1.01942e+06
1595 94789 -1.11421e+06 -1.01942e+06
1596 94850.7 -1.11427e+06 -1.01942e+06
1597 94912.5 -1.11433e+06 -1.01942e+06
1598 94974.2 -1.1144e+06 -1.01942e+06
1599 95035.9 -1.11446e+06 -1.01942e+06
1600 95097.7 -1.11452e+06 -1.01942e+06
1601 95159.4 -1.11458e+06 -1.01942e+06
1602 95221.2 -1.11464e+06 -1.01942e+06
1603 95282.9 -1.1147e+06 -1.01942e+06
1604 95344.7 -1.11477e+06 -1.01942e+06
1605 95406.5 -1.11483e+06 -1.01942e+06
1606 95468.4 -1.11489e+06 -1.01942e+06
1607 95530.3 -1.11495e+06 -1.01942e+06
1608 95592.2 -1.11501e+06 -1.01942e+06
1609 95654.2 -1.11508e+06 -1.01942e+06
1610 95716.2 -1.11514e+06 -1.01942e+06
1611 95778.2 -1.1152e+06 -1.01942e+06
1612 95840.3 -1.11526e+06 -1.01942e+06
1613 95902.5 -1.11532e+06 -1.01942e+06
1614 95964.7 -1.11539e+06 -1.01942e+06
1615 96027 -1.11545e+06 -1.01942e+06
1616 96089.4 -1.11551e+06 -1.01942e+06
1617 96151.8 -1.11557e+06 -1.01942e+06
1618 96214.3 -1.11564e+06 -1.01942e+06
1619 96276.9 -1.1157e+06 -1.01942e+06
1620 96339.6 -1.11576e+06 -1.01942e+06
1621 96402.4 -1.11582e+06 -1.01942e+06
1622 96465.2 -1.11589e+06 -1.01942e+06
1623 96528.2 -1.11595e+06 -1.01942e+06
1624 96591.2 -1.11601e+06 -1.01942e+06
1625 96654.4 -1.11608e+06 -1.01942e+06
1626 96717.7 -1.11614e+06 -1.01942e+06
1627 96781 -1.1162e+06 -1.01942e+06
1628 96844.5 -1.11627e+06 -1.01942e+06
1629 96908.1 -1.11633e+06 -1.01942e+06
1630 96971.9 -1.11639e+06 -1.01942e+06
1631 97035.7 -1.11646e+06 -1.01942e+06
1632 97099.7 -1.11652e+06 -1.01942e+06
1633 97163.8 -1.11659e+06 -1.01942e+06
1634 97228 -1.11665e+06 -1.01942e+06
1635 97292.4 -1.11671e+06 -1.01942e+06
1636 97356.9 -1.11678e+06 -1.01942e+06
1637 97421.6 -1.11684e+06 -1.01942e+06
1638 97486.4 -1.11691e+06 -1.01942e+06
1639 97551.4 -1.11697e+06 -1.01942e+06
1640 97616.5 -1.11704e+06 -1.01942e+06
1641 97681.7 -1.1171e+06 -1.01942e+06
1642 97747.1 -1.11717e+06 -1.01942e+06
1643 97812.7 -1.11724e+06 -1.01942e+06
1644 97878.5 -1.1173e+06 -1.01942e+06
1645 97944.4 -1.11737e+06 -1.01942e+06
1646 98010.5 -1.11743e+06 -1.01942e+06
1647 98076.7 -1.1175e+06 -1.01942e+06
1648 98143.1 -1.11757e+06 -1.01942e+06
1649 98209.7 -1.11763e+06 -1.01942e+06
1650 98276.5 -1.1177e+06 -1.01942e+06
1651 98343.5 -1.11777e+06 -1.01942e+06
1652 98410.6 -1.11783e+06 -1.01942e+06
1653 98477.9 -1.1179e+06 -1.01942e+06
1654 98545.4 -1.11797e+06 -1.01942e+06
1655 98613.1 -1.11804e+06 -1.01942e+06
1656 98681 -1.11811e+06 -1.01942e+06
1657 98749.1 -1.11817e+06 -1.01942e+06
1658 98817.4 -1.11824e+06 -1.01942e+06
1659 98885.9 -1.11831e+06 -1.01942e+06
1660 98954.6 -1.11838e+06 -1.01942e+06
1661 99023.5 -1.11845e+06 -1.01942e+06
1662 99092.6 -1.11852e+06 -1.01942e+06
1663 99161.9 -1.11859e+06 -1.01942e+06
1664 99231.4 -1.11866e+06 -1.01943e+06
1665 99301.1 -1.11873e+06 -1.01943e+06
1666 99371 -1.1188e+06 -1.01943e+06
1667 99441.1 -1.11887e+06 -1.01943e+06
1668 99511.5 -1.11894e+06 -1.01943e+06
1669 99582 -1.11901e+06 -1.01943e+06
1670 99652.8 -1.11908e+06 -1.01943e+06
1671 99723.8 -1.11915e+06 -1.01943e+06
1672 99795 -1.11922e+06 -1.01943e+06
1673 99866.4 -1.11929e+06 -1.01943e+06
1674 99938.1 -1.11936e+06 -1.01943e+06
1675 100010 -1.11944e+06 -1.01943e+06
1676 100082 -1.11951e+06 -1.01943e+06
1677 100154 -1.11958e+06 -1.01943e+06
1678 100227 -1.11965e+06 -1.01943e+06
1679 100300 -1.11973e+06 -1.01943e+06
1680 100373 -1.1198e+06 -1.01943e+06
1681 100446 -1.11987e+06 -1.01943e+06
1682 100519 -1.11995e+06 -1.01943e+06
1683 100593 -1.12002e+06 -1.01943e+06
1684 100667 -1.12009e+06 -1.01943e+06
1685 100741 -1.12017e+06 -1.01943e+06
1686 100815 -1.12024e+06 -1.01943e+06
1687 100889 -1.12032e+06 -1.01943e+06
1688 100964 -1.12039e+06 -1.01943e+06
1689 101039 -1.12047e+06 -1.01943e+06
1690 101114 -1.12054e+06 -1.01943e+06
1691 101190 -1.12062e+06 -1.01943e+06
1692 101265 -1.12069e+06 -1.01943e+06
1693 101341 -1.12077e+06 -1.01943e+06
1694 101417 -1.12085e+06 -1.01943e+06
1695 101494 -1.12092e+06 -1.01943e+06
1696 101570 -1.121e+06 -1.01943e+06
1697 101647 -1.12108e+06 -1.01943e+06
1698 101724 -1.12115e+06 -1.01943e+06
1699 101801 -1.12123e+06 -1.01943e+06
1700 101878 -1.12131e+06 -1.01943e+06
1701 101956 -1.12138e+06 -1.01943e+06
1702 102034 -1.12146e+06 -1.01943e+06
1703 102112 -1.12154e+06 -1.01943e+06
1704 102190 -1.12162e+06 -1.01943e+06
1705 102268 -1.1217e+06 -1.01943e+06
1706 102347 -1.12178e+06 -1.01943e+06
1707 102426 -1.12186e+06 -1.01943e+06
1708 102505 -1.12193e+06 -1.01943e+06
1709 102584 -1.12201e+06 -1.01943e+06
1710 102663 -1.12209e+06 -1.01943e+06
1711 102743 -1.12217e+06 -1.01943e+06
1712 102823 -1.12225e+06 -1.01943e+06
1713 102903 -1.12233e+06 -1.01943e+06
1714 102983 -1.12241e+06 -1.01943e+06
1715 103064 -1.12249e+06 -1.01943e+06
1716 103144 -1.12257e+06 -1.01943e+06
1717 103225 -1.12266e+06 -1.01943e+06
1718 103306 -1.12274e+06 -1.01943e+06
1719 103387 -1.12282e+06 -1.01943e+06
1720 103469 -1.1229e+06 -1.01943e+06
1721 103550 -1.12298e+06 -1.01943e+06
1722 103632 -1.12306e+06 -1.01943e+06
1723 103714 -1.12315e+06 -1.01943e+06
1724 103796 -1.12323e+06 -1.01943e+06
1725 103878 -1.12331e+06 -1.01943e+06
1726 103961 -1.12339e+06 -1.01943e+06
1727 104043 -1.12347e+06 -1.01943e+06
1728 104126 -1.12356e+06 -1.01943e+06
1729 104209 -1.12364e+06 -1.01943e+06
1730 104292 -1.12372e+06 -1.01943e+06
1731 104375 -1.12381e+06 -1.01943e+06
1732 104459 -1.12389e+06 -1.01943e+06
1733 104542 -1.12397e+06 -1.01943e+06
1734 104626 -1.12406e+06 -1.01943e+06
1735 104710 -1.12414e+06 -1.01943e+06
1736 104794 -1.12423e+06 -1.01943e+06
1737 104878 -1.12431e+06 -1.01943e+06
1738 104963 -1.1244e+06 -1.01943e+06
1739 105047 -1.12448e+06 -1.01943e+06
1740 105132 -1.12456e+06 -1.01943e+06
1741 105217 -1.12465e+06 -1.01943e+06
1742 105302 -1.12473e+06 -1.01943e+06
1743 105387 -1.12482e+06 -1.01943e+06
1744 105472 -1.1249e+06 -1.01943e+06
1745 105557 -1.12499e+06 -1.01943e+06
1746 105643 -1.12508e+06 -1.01943e+06
1747 105729 -1.12516e+06 -1.01943e+06
1748 105814 -1.12525e+06 -1.01943e+06
1749 105900 -1.12533e+06 -1.01943e+06
1750 105986 -1.12542e+06 -1.01943e+06
1751 106072 -1.12551e+06 -1.01943e+06
1752 106159 -1.12559e+06 -1.01943e+06
1753 106245 -1.12568e+06 -1.01943e+06
1754 106331 -1.12576e+06 -1.01943e+06
1755 106418 -1.12585e+06 -1.01943e+06
1756 106505 -1.12594e+06 -1.01943e+06
1757 106592 -1.12603e+06 -1.01943e+06
1758 106678 -1.12611e+06 -1.01943e+06
1759 106765 -1.1262e+06 -1.01943e+06
1760 106853 -1.12629e+06 -1.01943e+06
1761 106940 -1.12637e+06 -1.01943e+06
1762 107027 -1.12646e+06 -1.01943e+06
1763 107115 -1.12655e+06 -1.01943e+06
1764 107202 -1.12664e+06 -1.01943e+06
1765 107290 -1.12672e+06 -1.01943e+06
1766 107377 -1.12681e+06 -1.01943e+06
1767 107465 -1.1269e+06 -1.01943e+06
1768 107553 -1.12699e+06 -1.01943e+06
1769 107641 -1.12708e+06 -1.01943e+06
1770 107729 -1.12716e+06 -1.01943e+06
1771 107817 -1.12725e+06 -1.01943e+06
1772 107906 -1.12734e+06 -1.01943e+06
1773 107994 -1.12743e+06 -1.01943e+06
1774 108082 -1.12752e+06 -1.01943e+06
1775 108171 -1.12761e+06 -1.01943e+06
1776 108259 -1.12769e+06 -1.01943e+06
1777 108348 -1.12778e+06 -1.01943e+06
1778 108437 -1.12787e+06 -1.01943e+06
1779 108525 -1.12796e+06 -1.01943e+06
1780 108614 -1.12805e+06 -1.01943e+06
1781 108703 -1.12814e+06 -1.01943e+06
1782 108792 -1.12823e+06 -1.01943e+06
1783 108881 -1.12832e+06 -1.01943e+06
1784 108970 -1.1284e+06 -1.01943e+06
1785 109059 -1.12849e+06 -1.01943e+06
1786 109148 -1.12858e+06 -1.01943e+06
1787 109237 -1.12867e+06 -1.01943e+06
1788 109327 -1.12876e+06 -1.01943e+06
1789 109416 -1.12885e+06 -1.01943e+06
1790 109505 -1.12894e+06 -1.01943e+06
1791 109595 -1.12903e+06 -1.01943e+06
1792 109684 -1.12912e+06 -1.01943e+06
1793 109774 -1.12921e+06 -1.01943e+06
1794 109863 -1.1293e+06 -1.01944e+06
1795 109953 -1.12939e+06 -1.01944e+06
1796 110043 -1.12948e+06 -1.01944e+06
1797 110132 -1.12957e+06 -1.01944e+06
1798 110222 -1.12966e+06 -1.01944e+06
1799 110312 -1.12975e+06 -1.01944e+06
1800 110401 -1.12984e+06 -1.01944e+06
1801 110491 -1.12993e+06 -1.01944e+06
1802 110581 -1.13002e+06 -1.01944e+06
1803 110671 -1.13011e+06 -1.01944e+06
1804 110761 -1.1302e+06 -1.01944e+06
1805 110851 -1.13029e+06 -1.01944e+06
1806 110941 -1.13038e+06 -1.01944e+06
1807 111031 -1.13047e+06 -1.01944e+06
1808 111121 -1.13056e+06 -1.01944e+06
1809 111211 -1.13065e+06 -1.01944e+06
1810 111301 -1.13074e+06 -1.01944e+06
1811 111391 -1.13083e+06 -1.01944e+06
1812 111481 -1.13092e+06 -1.01944e+06
1813 111572 -1.13101e+06 -1.01944e+06
1814 111662 -1.1311e+06 -1.01944e+06
1815 111752 -1.13119e+06 -1.01944e+06
1816 111842 -1.13128e+06 -1.01944e+06
1817 111932 -1.13137e+06 -1.01944e+06
1818 112023 -1.13146e+06 -1.01944e+06
1819 112113 -1.13155e+06 -1.01944e+06
1820 112203 -1.13164e+06 -1.01944e+06
1821 112294 -1.13173e+06 -1.01944e+06
1822 112384 -1.13182e+06 -1.01944e+06
1823 112474 -1.13191e+06 -1.01944e+06
1824 112565 -1.132e+06 -1.01944e+06
1825 112655 -1.13209e+06 -1.01944e+06
1826 112746 -1.13218e+06 -1.01944e+06
1827 112836 -1.13227e+06 -1.01944e+06
1828 112927 -1.13236e+06 -1.01944e+06
1829 113017 -1.13245e+06 -1.01944e+06
1830 113108 -1.13254e+06 -1.01944e+06
1831 113198 -1.13263e+06 -1.01944e+06
1832 113289 -1.13272e+06 -1.01944e+06
1833 113380 -1.13282e+06 -1.01944e+06
1834 113470 -1.13291e+06 -1.01944e+06
1835 113561 -1.133e+06 -1.01944e+06
1836 113652 -1.13309e+06 -1.01944e+06
1837 113743 -1.13318e+06 -1.01944e+06
1838 113833 -1.13327e+06 -1.01944e+06
1839 113924 -1.13336e+06 -1.01944e+06
1840 114015 -1.13345e+06 -1.01944e+06
1841 114106 -1.13354e+06 -1.01944e+06
1842 114197 -1.13363e+06 -1.01944e+06
1843 114288 -1.13372e+06 -1.01944e+06
1844 114378 -1.13381e+06 -1.01944e+06
1845 114469 -1.13391e+06 -1.01944e+06
1846 114560 -1.134e+06 -1.01944e+06
1847 114652 -1.13409e+06 -1.01944e+06
1848 114743 -1.13418e+06 -1.01944e+06
1849 114834 -1.13427e+06 -1.01944e+06
1850 114925 -1.13436e+06 -1.01944e+06
1851 115016 -1.13445e+06 -1.01944e+06
1852 115107 -1.13454e+06 -1.01944e+06
1853 115199 -1.13463e+06 -1.01944e+06
1854 115290 -1.13473e+06 -1.01944e+06
1855 115382 -1.13482e+06 -1.01944e+06
1856 115473 -1.13491e+06 -1.01944e+06
1857 115565 -1.135e+06 -1.01944e+06
1858 115656 -1.13509e+06 -1.01944e+06
1859 115748 -1.13518e+06 -1.01944e+06
1860 115839 -1.13528e+06 -1.01944e+06
1861 115931 -1.13537e+06 -1.01944e+06
1862 116023 -1.13546e+06 -1.01944e+06
1863 116115 -1.13555e+06 -1.01944e+06
1864 116207 -1.13564e+06 -1.01944e+06
1865 116299 -1.13573e+06 -1.01944e+06
1866 116391 -1.13583e+06 -1.01944e+06
1867 116483 -1.13592e+06 -1.01944e+06
1868 116575 -1.13601e+06 -1.01944e+06
1869 116667 -1.1361e+06 -1.01944e+06
1870 116760 -1.1362e+06 -1.01944e+06
1871 116852 -1.13629e+06 -1.01944e+06
1872 116945 -1.13638e+06 -1.01944e+06
1873 117037 -1.13647e+06 -1.01944e+06
1874 117130 -1.13657e+06 -1.01944e+06
1875 117223 -1.13666e+06 -1.01944e+06
1876 117315 -1.13675e+06 -1.01944e+06
1877 117408 -1.13684e+06 -1.01944e+06
1878 117501 -1.13694e+06 -1.01944e+06
1879 117594 -1.13703e+06 -1.01944e+06
1880 117688 -1.13712e+06 -1.01944e+06
1881 117781 -1.13722e+06 -1.01944e+06
1882 117874 -1.13731e+06 -1.01944e+06
1883 117968 -1.1374e+06 -1.01944e+06
1884 118061 -1.1375e+06 -1.01944e+06
1885 118155 -1.13759e+06 -1.01944e+06
1886 118249 -1.13769e+06 -1.01944e+06
1887 118342 -1.13778e+06 -1.01944e+06
1888 118436 -1.13787e+06 -1.01944e+06
1889 118530 -1.13797e+06 -1.01944e+06
1890 118625 -1.13806e+06 -1.01944e+06
1891 118719 -1.13816e+06 -1.01944e+06
1892 118813 -1.13825e+06 -1.01944e+06
1893 118908 -1.13835e+06 -1.01944e+06
1894 119002 -1.13844e+06 -1.01944e+06
1895 119097 -1.13853e+06 -1.01944e+06
1896 119192 -1.13863e+06 -1.01944e+06
1897 119287 -1.13872e+06 -1.01944e+06
1898 119382 -1.13882e+06 -1.01944e+06
1899 119477 -1.13892e+06 -1.01944e+06
1900 119572 -1.13901e+06 -1.01944e+06
1901 119668 -1.13911e+06 -1.01944e+06
1902 119763 -1.1392e+06 -1.01944e+06
1903 119859 -1.1393e+06 -1.01944e+06
1904 119955 -1.13939e+06 -1.01944e+06
1905 120051 -1.13949e+06 -1.01944e+06
1906 120147 -1.13959e+06 -1.01944e+06
1907 120243 -1.13968e+06 -1.01944e+06
1908 120339 -1.13978e+06 -1.01944e+06
1909 120436 -1.13987e+06 -1.01944e+06
1910 120532 -1.13997e+06 -1.01944e+06
1911 120629 -1.14007e+06 -1.01944e+06
1912 120726 -1.14016e+06 -1.01944e+06
1913 120823 -1.14026e+06 -1.01944e+06
1914 120920 -1.14036e+06 -1.01944e+06
1915 121017 -1.14046e+06 -1.01944e+06
1916 121114 -1.14055e+06 -1.01944e+06
1917 121212 -1.14065e+06 -1.01944e+06
1918 121309 -1.14075e+06 -1.01944e+06
1919 121407 -1.14085e+06 -1.01944e+06
1920 121505 -1.14094e+06 -1.01944e+06
1921 121603 -1.14104e+06 -1.01944e+06
1922 121701 -1.14114e+06 -1.01944e+06
1923 121799 -1.14124e+06 -1.01944e+06
1924 121898 -1.14134e+06 -1.01944e+06
1925 121996 -1.14144e+06 -1.01944e+06
1926 122095 -1.14153e+06 -1.01944e+06
1927 122194 -1.14163e+06 -1.01944e+06
1928 122293 -1.14173e+06 -1.01944e+06
1929 122392 -1.14183e+06 -1.01944e+06
1930 122491 -1.14193e+06 -1.01944e+06
1931 122590 -1.14203e+06 -1.01944e+06
1932 122690 -1.14213e+06 -1.01944e+06
1933 122789 -1.14223e+06 -1.01944e+06
1934 122889 -1.14233e+06 -1.01944e+06
1935 122989 -1.14243e+06 -1.01944e+06
1936 123089 -1.14253e+06 -1.01944e+06
1937 123189 -1.14263e+06 -1.01944e+06
1938 123289 -1.14273e+06 -1.01944e+06
1939 123390 -1.14283e+06 -1.01944e+06
1940 123490 -1.14293e+06 -1.01944e+06
1941 123591 -1.14303e+06 -1.01944e+06
1942 123692 -1.14313e+06 -1.01944e+06
1943 123793 -1.14323e+06 -1.01944e+06
1944 123894 -1.14333e+06 -1.01944e+06
1945 123995 -1.14344e+06 -1.01944e+06
1946 124096 -1.14354e+06 -1.01944e+06
1947 124198 -1.14364e+06 -1.01944e+06
1948 124299 -1.14374e+06 -1.01944e+06
1949 124401 -1.14384e+06 -1.01944e+06
1950 124503 -1.14394e+06 -1.01944e+06
1951 124605 -1.14405e+06 -1.01944e+06
1952 124707 -1.14415e+06 -1.01944e+06
1953 124809 -1.14425e+06 -1.01944e+06
1954 124911 -1.14435e+06 -1.01944e+06
1955 125014 -1.14446e+06 -1.01944e+06
1956 125116 -1.14456e+06 -1.01944e+06
1957 125219 -1.14466e+06 -1.01944e+06
1958 125322 -1.14476e+06 -1.01944e+06
1959 125425 -1.14487e+06 -1.01944e+06
1960 125528 -1.14497e+06 -1.01944e+06
1961 125631 -1.14507e+06 -1.01944e+06
1962 125734 -1.14518e+06 -1.01944e+06
1963 125837 -1.14528e+06 -1.01944e+06
1964 125941 -1.14538e+06 -1.01944e+06
1965 126044 -1.14549e+06 -1.01944e+06
1966 126148 -1.14559e+06 -1.01944e+06
1967 126251 -1.14569e+06 -1.01944e+06
1968 126355 -1.1458e+06 -1.01944e+06
1969 126459 -1.1459e+06 -1.01944e+06
1970 126563 -1.14601e+06 -1.01944e+06
1971 126667 -1.14611e+06 -1.01944e+06
1972 126772 -1.14621e+06 -1.01944e+06
1973 126876 -1.14632e+06 -1.01944e+06
1974 126980 -1.14642e+06 -1.01944e+06
1975 127085 -1.14653e+06 -1.01944e+06
1976 127189 -1.14663e+06 -1.01944e+06
1977 127294 -1.14674e+06 -1.01944e+06
1978 127399 -1.14684e+06 -1.01944e+06
1979 127504 -1.14695e+06 -1.01944e+06
1980 127609 -1.14705e+06 -1.01944e+06
1981 127714 -1.14716e+06 -1.01944e+06
1982 127819 -1.14726e+06 -1.01944e+06
1983 127924 -1.14737e+06 -1.01944e+06
1984 128029 -1.14747e+06 -1.01944e+06
1985 128135 -1.14758e+06 -1.01944e+06
1986 128240 -1.14768e+06 -1.01944e+06
1987 128346 -1.14779e+06 -1.01944e+06
1988 128451 -1.14789e+06 -1.01944e+06
1989 128557 -1.148e+06 -1.01944e+06
1990 128663 -1.14811e+06 -1.01944e+06
1991 128769 -1.14821e+06 -1.01944e+06
1992 128875 -1.14832e+06 -1.01944e+06
1993 128981 -1.14842e+06 -1.01944e+06
1994 129087 -1.14853e+06 -1.01944e+06
1995 129193 -1.14864e+06 -1.01944e+06
1996 129299 -1.14874e+06 -1.01944e+06
1997 129406 -1.14885e+06 -1.01944e+06
1998 129512 -1.14896e+06 -1.01944e+06
1999 129618 -1.14906e+06 -1.01944e+06
2000 129725 -1.14917e+06 -1.01944e+06
2001 129832 -1.14928e+06 -1.01944e+06
2002 129939 -1.14938e+06 -1.01944e+06
2003 130045 -1.14949e+06 -1.01944e+06
2004 130152 -1.1496e+06 -1.01944e+06
2005 130259 -1.1497e+06 -1.01944e+06
2006 130367 -1.14981e+06 -1.01944e+06
2007 130474 -1.14992e+06 -1.01944e+06
2008 130581 -1.15003e+06 -1.01944e+06
2009 130689 -1.15013e+06 -1.01944e+06
2010 130796 -1.15024e+06 -1.01944e+06
2011 130904 -1.15035e+06 -1.01944e+06
2012 131011 -1.15046e+06 -1.01944e+06
2013 131119 -1.15056e+06 -1.01944e+06
2014 131227 -1.15067e+06 -1.01944e+06
2015 131335 -1.15078e+06 -1.01944e+06
2016 131443 -1.15089e+06 -1.01944e+06
2017 131551 -1.151e+06 -1.01944e+06
2018 131660 -1.1511e+06 -1.01944e+06
2019 131768 -1.15121e+06 -1.01944e+06
2020 131877 -1.15132e+06 -1.01944e+06
2021 131985 -1.15143e+06 -1.01944e+06
2022 132094 -1.15154e+06 -1.01944e+06
2023 132203 -1.15165e+06 -1.01944e+06
2024 132312 -1.15176e+06 -1.01944e+06
2025 132421 -1.15187e+06 -1.01944e+06
2026 132530 -1.15198e+06 -1.01944e+06
2027 132640 -1.15208e+06 -1.01944e+06
2028 132749 -1.15219e+06 -1.01944e+06
2029 132859 -1.1523e+06 -1.01945e+06
2030 132968 -1.15241e+06 -1.01945e+06
2031 133078 -1.15252e+06 -1.01945e+06
2032 133188 -1.15263e+06 -1.01945e+06
2033 133298 -1.15274e+06 -1.01945e+06
2034 133409 -1.15285e+06 -1.01945e+06
2035 133519 -1.15296e+06 -1.01945e+06
2036 133630 -1.15308e+06 -1.01945e+06
2037 133740 -1.15319e+06 -1.01945e+06
2038 133851 -1.1533e+06 -1.01945e+06
2039 133962 -1.15341e+06 -1.01945e+06
2040 134073 -1.15352e+06 -1.01945e+06
2041 134185 -1.15363e+06 -1.01945e+06
2042 134296 -1.15374e+06 -1.01945e+06
2043 134408 -1.15385e+06 -1.01945e+06
2044 134520 -1.15397e+06 -1.01945e+06
2045 134631 -1.15408e+06 -1.01945e+06
2046 134744 -1.15419e+06 -1.01945e+06
2047 134856 -1.1543e+06 -1.01945e+06
2048 134968 -1.15441e+06 -1.01945e+06
2049 135081 -1.15453e+06 -1.01945e+06
2050 135194 -1.15464e+06 -1.01945e+06
2051 135307 -1.15475e+06 -1.01945e+06
2052 135420 -1.15487e+06 -1.01945e+06
2053 135533 -1.15498e+06 -1.01945e+06
2054 135647 -1.15509e+06 -1.01945e+06
2055 135761 -1.15521e+06 -1.01945e+06
2056 135875 -1.15532e+06 -1.01945e+06
2057 135989 -1.15544e+06 -1.01945e+06
2058 136103 -1.15555e+06 -1.01945e+06
2059 136217 -1.15567e+06 -1.01945e+06
2060 136332 -1.15578e+06 -1.01945e+06
2061 136447 -1.15589e+06 -1.01945e+06
2062 136562 -1.15601e+06 -1.01945e+06
2063 136677 -1.15613e+06 -1.01945e+06
2064 136793 -1.15624e+06 -1.01945e+06
2065 136909 -1.15636e+06 -1.01945e+06
2066 137024 -1.15647e+06 -1.01945e+06
2067 137140 -1.15659e+06 -1.01945e+06
2068 137257 -1.15671e+06 -1.01945e+06
2069 137373 -1.15682e+06 -1.01945e+06
2070 137490 -1.15694e+06 -1.01945e+06
2071 137607 -1.15706e+06 -1.01945e+06
2072 137724 -1.15717e+06 -1.01945e+06
2073 137841 -1.15729e+06 -1.01945e+06
2074 137958 -1.15741e+06 -1.01945e+06
2075 138076 -1.15753e+06 -1.01945e+06
2076 138194 -1.15764e+06 -1.01945e+06
2077 138312 -1.15776e+06 -1.01945e+06
2078 138430 -1.15788e+06 -1.01945e+06
2079 138548 -1.158e+06 -1.01945e+06
2080 138667 -1.15812e+06 -1.01945e+06
2081 138786 -1.15824e+06 -1.01945e+06
2082 138904 -1.15835e+06 -1.01945e+06
2083 139023 -1.15847e+06 -1.01945e+06
2084 139143 -1.15859e+06 -1.01945e+06
2085 139262 -1.15871e+06 -1.01945e+06
2086 139382 -1.15883e+06 -1.01945e+06
2087 139501 -1.15895e+06 -1.01945e+06
2088 139621 -1.15907e+06 -1.01945e+06
2089 139741 -1.15919e+06 -1.01945e+06
2090 139861 -1.15931e+06 -1.01945e+06
2091 139982 -1.15943e+06 -1.01945e+06
2092 140102 -1.15955e+06 -1.01945e+06
2093 140223 -1.15967e+06 -1.01945e+06
2094 140343 -1.15979e+06 -1.01945e+06
2095 140464 -1.15991e+06 -1.01945e+06
2096 140585 -1.16004e+06 -1.01945e+06
2097 140706 -1.16016e+06 -1.01945e+06
2098 140827 -1.16028e+06 -1.01945e+06
2099 140948 -1.1604e+06 -1.01945e+06
2100 141069 -1.16052e+06 -1.01945e+06
2101 141190 -1.16064e+06 -1.01945e+06
2102 141312 -1.16076e+06 -1.01945e+06
2103 141433 -1.16088e+06 -1.01945e+06
2104 141555 -1.16101e+06 -1.01945e+06
2105 141676 -1.16113e+06 -1.01945e+06
2106 141798 -1.16125e+06 -1.01945e+06
2107 141919 -1.16137e+06 -1.01945e+06
2108 142041 -1.16149e+06 -1.01945e+06
2109 142162 -1.16161e+06 -1.01945e+06
2110 142284 -1.16173e+06 -1.01945e+06
2111 142405 -1.16186e+06 -1.01945e+06
2112 142527 -1.16198e+06 -1.01945e+06
2113 142649 -1.1621e+06 -1.01945e+06
2114 142770 -1.16222e+06 -1.01945e+06
2115 142891 -1.16234e+06 -1.01945e+06
2116 143013 -1.16246e+06 -1.01945e+06
2117 143134 -1.16258e+06 -1.01945e+06
2118 143255 -1.16271e+06 -1.01945e+06
2119 143376 -1.16283e+06 -1.01945e+06
2120 143498 -1.16295e+06 -1.01945e+06
2121 143619 -1.16307e+06 -1.01945e+06
2122 143739 -1.16319e+06 -1.01945e+06
2123 143860 -1.16331e+06 -1.01945e+06
2124 143981 -1.16343e+06 -1.01945e+06
2125 144101 -1.16355e+06 -1.01945e+06
2126 144222 -1.16367e+06 -1.01945e+06
2127 144342 -1.16379e+06 -1.01945e+06
2128 144462 -1.16391e+06 -1.01945e+06
2129 144582 -1.16403e+06 -1.01945e+06
2130 144702 -1.16415e+06 -1.01945e+06
2131 144821 -1.16427e+06 -1.01945e+06
2132 144941 -1.16439e+06 -1.01945e+06
2133 145060 -1.16451e+06 -1.01945e+06
2134 145179 -1.16463e+06 -1.01945e+06
2135 145298 -1.16475e+06 -1.01945e+06
2136 145417 -1.16487e+06 -1.01945e+06
2137 145536 -1.16499e+06 -1.01945e+06
2138 145654 -1.1651e+06 -1.01945e+06
2139 145772 -1.16522e+06 -1.01945e+06
2140 145891 -1.16534e+06 -1.01945e+06
2141 146008 -1.16546e+06 -1.01945e+06
2142 146126 -1.16558e+06 -1.01945e+06
2143 146244 -1.16569e+06 -1.01945e+06
2144 146361 -1.16581e+06 -1.01945e+06
2145 146478 -1.16593e+06 -1.01945e+06
2146 146595 -1.16604e+06 -1.01945e+06
2147 146712 -1.16616e+06 -1.01945e+06
2148 146829 -1.16628e+06 -1.01945e+06
2149 146945 -1.16639e+06 -1.01945e+06
2150 147061 -1.16651e+06 -1.01945e+06
2151 147178 -1.16663e+06 -1.01945e+06
2152 147294 -1.16674e+06 -1.01945e+06
2153 147409 -1.16686e+06 -1.01945e+06
2154 147525 -1.16697e+06 -1.01945e+06
2155 147641 -1.16709e+06 -1.01945e+06
2156 147756 -1.1672e+06 -1.01945e+06
2157 147871 -1.16732e+06 -1.01945e+06
2158 147986 -1.16743e+06 -1.01945e+06
2159 148102 -1.16755e+06 -1.01945e+06
2160 148216 -1.16766e+06 -1.01945e+06
2161 148331 -1.16778e+06 -1.01945e+06
2162 148446 -1.16789e+06 -1.01945e+06
2163 148561 -1.16801e+06 -1.01945e+06
2164 148675 -1.16812e+06 -1.01945e+06
2165 148790 -1.16824e+06 -1.01945e+06
2166 148904 -1.16835e+06 -1.01945e+06
2167 149018 -1.16847e+06 -1.01945e+06
2168 149132 -1.16858e+06 -1.01945e+06
2169 149247 -1.16869e+06 -1.01945e+06
2170 149361 -1.16881e+06 -1.01945e+06
2171 149475 -1.16892e+06 -1.01945e+06
2172 149589 -1.16904e+06 -1.01945e+06
2173 149703 -1.16915e+06 -1.01945e+06
2174 149817 -1.16926e+06 -1.01945e+06
2175 149931 -1.16938e+06 -1.01945e+06
2176 150045 -1.16949e+06 -1.01945e+06
2177 150159 -1.16961e+06 -1.01945e+06
2178 150272 -1.16972e+06 -1.01945e+06
2179 150386 -1.16983e+06 -1.01945e+06
2180 150500 -1.16995e+06 -1.01945e+06
2181 150614 -1.17006e+06 -1.01945e+06
2182 150728 -1.17018e+06 -1.01945e+06
2183 150842 -1.17029e+06 -1.01945e+06
2184 150956 -1.1704e+06 -1.01945e+06
2185 151070 -1.17052e+06 -1.01945e+06
2186 151184 -1.17063e+06 -1.01945e+06
2187 151298 -1.17075e+06 -1.01945e+06
2188 151412 -1.17086e+06 -1.01945e+06
2189 151526 -1.17097e+06 -1.01945e+06
2190 151641 -1.17109e+06 -1.01945e+06
2191 151755 -1.1712e+06 -1.01945e+06
2192 151869 -1.17132e+06 -1.01945e+06
2193 151984 -1.17143e+06 -1.01945e+06
2194 152098 -1.17155e+06 -1.01945e+06
2195 152212 -1.17166e+06 -1.01945e+06
2196 152327 -1.17177e+06 -1.01945e+06
2197 152442 -1.17189e+06 -1.01945e+06
2198 152556 -1.172e+06 -1.01945e+06
2199 152671 -1.17212e+06 -1.01945e+06
2200 152786 -1.17223e+06 -1.01945e+06
2201 152901 -1.17235e+06 -1.01945e+06
2202 153016 -1.17246e+06 -1.01945e+06
2203 153131 -1.17258e+06 -1.01945e+06
2204 153246 -1.17269e+06 -1.01945e+06
2205 153361 -1.17281e+06 -1.01945e+06
2206 153476 -1.17292e+06 -1.01945e+06
2207 153592 -1.17304e+06 -1.01945e+06
2208 153707 -1.17316e+06 -1.01945e+06
2209 153823 -1.17327e+06 -1.01945e+06
2210 153938 -1.17339e+06 -1.01945e+06
2211 154054 -1.1735e+06 -1.01945e+06
2212 154170 -1.17362e+06 -1.01945e+06
2213 154286 -1.17373e+06 -1.01945e+06
2214 154402 -1.17385e+06 -1.01945e+06
2215 154518 -1.17397e+06 -1.01945e+06
2216 154634 -1.17408e+06 -1.01945e+06
2217 154751 -1.1742e+06 -1.01945e+06
2218 154867 -1.17432e+06 -1.01945e+06
2219 154984 -1.17443e+06 -1.01945e+06
2220 155101 -1.17455e+06 -1.01945e+06
2221 155217 -1.17467e+06 -1.01945e+06
2222 155334 -1.17478e+06 -1.01945e+06
2223 155451 -1.1749e+06 -1.01945e+06
2224 155569 -1.17502e+06 -1.01945e+06
2225 155686 -1.17513e+06 -1.01945e+06
2226 155803 -1.17525e+06 -1.01945e+06
2227 155921 -1.17537e+06 -1.01945e+06
2228 156039 -1.17549e+06 -1.01945e+06
2229 156157 -1.17561e+06 -1.01945e+06
2230 156275 -1.17572e+06 -1.01945e+06
2231 156393 -1.17584e+06 -1.01945e+06
2232 156511 -1.17596e+06 -1.01945e+06
2233 156629 -1.17608e+06 -1.01945e+06
2234 156748 -1.1762e+06 -1.01945e+06
2235 156867 -1.17632e+06 -1.01945e+06
2236 156986 -1.17644e+06 -1.01945e+06
2237 157105 -1.17655e+06 -1.01945e+06
2238 157224 -1.17667e+06 -1.01945e+06
2239 157343 -1.17679e+06 -1.01945e+06
2240 157463 -1.17691e+06 -1.01945e+06
2241 157582 -1.17703e+06 -1.01945e+06
2242 157702 -1.17715e+06 -1.01945e+06
2243 157822 -1.17727e+06 -1.01945e+06
2244 157943 -1.17739e+06 -1.01945e+06
2245 158063 -1.17751e+06 -1.01945e+06
2246 158184 -1.17763e+06 -1.01945e+06
2247 158304 -1.17775e+06 -1.01945e+06
2248 158425 -1.17788e+06 -1.01945e+06
2249 158546 -1.178e+06 -1.01945e+06
2250 158668 -1.17812e+06 -1.01945e+06
2251 158789 -1.17824e+06 -1.01945e+06
2252 158911 -1.17836e+06 -1.01945e+06
2253 159033 -1.17848e+06 -1.01945e+06
2254 159155 -1.17861e+06 -1.01945e+06
2255 159277 -1.17873e+06 -1.01945e+06
2256 159399 -1.17885e+06 -1.01945e+06
2257 159522 -1.17897e+06 -1.01945e+06
2258 159645 -1.1791e+06 -1.01945e+06
2259 159768 -1.17922e+06 -1.01945e+06
2260 159891 -1.17934e+06 -1.01945e+06
2261 160014 -1.17947e+06 -1.01945e+06
2262 160138 -1.17959e+06 -1.01945e+06
2263 160262 -1.17971e+06 -1.01945e+06
2264 160386 -1.17984e+06 -1.01945e+06
2265 160510 -1.17996e+06 -1.01945e+06
2266 160634 -1.18009e+06 -1.01945e+06
2267 160759 -1.18021e+06 -1.01945e+06
2268 160883 -1.18034e+06 -1.01945e+06
2269 161008 -1.18046e+06 -1.01945e+06
2270 161133 -1.18059e+06 -1.01945e+06
2271 161259 -1.18071e+06 -1.01945e+06
2272 161384 -1.18084e+06 -1.01945e+06
2273 161510 -1.18096e+06 -1.01945e+06
2274 161635 -1.18109e+06 -1.01945e+06
2275 161761 -1.18121e+06 -1.01945e+06
2276 161887 -1.18134e+06 -1.01945e+06
2277 162014 -1.18147e+06 -1.01945e+06
2278 162140 -1.18159e+06 -1.01945e+06
2279 162267 -1.18172e+06 -1.01945e+06
2280 162394 -1.18185e+06 -1.01945e+06
2281 162521 -1.18197e+06 -1.01945e+06
2282 162648 -1.1821e+06 -1.01945e+06
2283 162775 -1.18223e+06 -1.01945e+06
2284 162903 -1.18236e+06 -1.01945e+06
2285 163030 -1.18248e+06 -1.01945e+06
2286 163158 -1.18261e+06 -1.01945e+06
2287 163286 -1.18274e+06 -1.01945e+06
2288 163414 -1.18287e+06 -1.01945e+06
2289 163542 -1.183e+06 -1.01945e+06
2290 163670 -1.18312e+06 -1.01945e+06
2291 163799 -1.18325e+06 -1.01945e+06
2292 163928 -1.18338e+06 -1.01945e+06
2293 164056 -1.18351e+06 -1.01945e+06
2294 164185 -1.18364e+06 -1.01945e+06
2295 164314 -1.18377e+06 -1.01945e+06
2296 164443 -1.1839e+06 -1.01945e+06
2297 164573 -1.18403e+06 -1.01945e+06
2298 164702 -1.18416e+06 -1.01945e+06
2299 164831 -1.18429e+06 -1.01945e+06
2300 164961 -1.18442e+06 -1.01946e+06
2301 165091 -1.18455e+06 -1.01946e+06
2302 165221 -1.18468e+06 -1.01946e+06
2303 165351 -1.18481e+06 -1.01946e+06
2304 165481 -1.18494e+06 -1.01946e+06
2305 165611 -1.18507e+06 -1.01946e+06
2306 165741 -1.1852e+06 -1.01946e+06
2307 165871 -1.18533e+06 -1.01946e+06
2308 166002 -1.18546e+06 -1.01946e+06
2309 166132 -1.18559e+06 -1.01946e+06
2310 166263 -1.18572e+06 -1.01946e+06
2311 166394 -1.18585e+06 -1.01946e+06
2312 166525 -1.18598e+06 -1.01946e+06
2313 166656 -1.18611e+06 -1.01946e+06
2314 166787 -1.18624e+06 -1.01946e+06
2315 166918 -1.18637e+06 -1.01946e+06
2316 167049 -1.1865e+06 -1.01946e+06
2317 167180 -1.18664e+06 -1.01946e+06
2318 167312 -1.18677e+06 -1.01946e+06
2319 167443 -1.1869e+06 -1.01946e+06
2320 167575 -1.18703e+06 -1.01946e+06
2321 167706 -1.18716e+06 -1.01946e+06
2322 167838 -1.18729e+06 -1.01946e+06
2323 167970 -1.18743e+06 -1.01946e+06
2324 168102 -1.18756e+06 -1.01946e+06
2325 168233 -1.18769e+06 -1.01946e+06
2326 168365 -1.18782e+06 -1.01946e+06
2327 168497 -1.18795e+06 -1.01946e+06
2328 168630 -1.18809e+06 -1.01946e+06
2329 168762 -1.18822e+06 -1.01946e+06
2330 168894 -1.18835e+06 -1.01946e+06
2331 169026 -1.18848e+06 -1.01946e+06
2332 169158 -1.18861e+06 -1.01946e+06
2333 169291 -1.18875e+06 -1.01946e+06
2334 169423 -1.18888e+06 -1.01946e+06
2335 169556 -1.18901e+06 -1.01946e+06
2336 169688 -1.18914e+06 -1.01946e+06
2337 169821 -1.18928e+06 -1.01946e+06
2338 169953 -1.18941e+06 -1.01946e+06
2339 170086 -1.18954e+06 -1.01946e+06
2340 170219 -1.18968e+06 -1.01946e+06
2341 170351 -1.18981e+06 -1.01946e+06
2342 170484 -1.18994e+06 -1.01946e+06
2343 170617 -1.19007e+06 -1.01946e+06
2344 170749 -1.19021e+06 -1.01946e+06
2345 170882 -1.19034e+06 -1.01946e+06
2346 171015 -1.19047e+06 -1.01946e+06
2347 171148 -1.1906e+06 -1.01946e+06
2348 171280 -1.19074e+06 -1.01946e+06
2349 171413 -1.19087e+06 -1.01946e+06
2350 171546 -1.191e+06 -1.01946e+06
2351 171679 -1.19114e+06 -1.01946e+06
2352 171811 -1.19127e+06 -1.01946e+06
2353 171944 -1.1914e+06 -1.01946e+06
2354 172077 -1.19153e+06 -1.01946e+06
2355 172209 -1.19167e+06 -1.01946e+06
2356 172342 -1.1918e+06 -1.01946e+06
2357 172475 -1.19193e+06 -1.01946e+06
2358 172607 -1.19206e+06 -1.01946e+06
2359 172740 -1.1922e+06 -1.01946e+06
2360 172872 -1.19233e+06 -1.01946e+06
2361 173004 -1.19246e+06 -1.01946e+06
2362 173137 -1.19259e+06 -1.01946e+06
2363 173269 -1.19273e+06 -1.01946e+06
2364 173401 -1.19286e+06 -1.01946e+06
2365 173534 -1.19299e+06 -1.01946e+06
2366 173666 -1.19312e+06 -1.01946e+06
2367 173798 -1.19325e+06 -1.01946e+06
2368 173930 -1.19339e+06 -1.01946e+06
2369 174062 -1.19352e+06 -1.01946e+06
2370 174194 -1.19365e+06 -1.01946e+06
2371 174326 -1.19378e+06 -1.01946e+06
2372 174457 -1.19391e+06 -1.01946e+06
2373 174589 -1.19404e+06 -1.01946e+06
2374 174720 -1.19418e+06 -1.01946e+06
2375 174852 -1.19431e+06 -1.01946e+06
2376 174983 -1.19444e+06 -1.01946e+06
2377 175115 -1.19457e+06 -1.01946e+06
2378 175246 -1.1947e+06 -1.01946e+06
2379 175377 -1.19483e+06 -1.01946e+06
2380 175508 -1.19496e+06 -1.01946e+06
2381 175639 -1.19509e+06 -1.01946e+06
2382 175770 -1.19523e+06 -1.01946e+06
2383 175901 -1.19536e+06 -1.01946e+06
2384 176032 -1.19549e+06 -1.01946e+06
2385 176162 -1.19562e+06 -1.01946e+06
2386 176293 -1.19575e+06 -1.01946e+06
2387 176423 -1.19588e+06 -1.01946e+06
2388 176553 -1.19601e+06 -1.01946e+06
2389 176684 -1.19614e+06 -1.01946e+06
2390 176814 -1.19627e+06 -1.01946e+06
2391 176944 -1.1964e+06 -1.01946e+06
2392 177074 -1.19653e+06 -1.01946e+06
2393 177203 -1.19666e+06 -1.01946e+06
2394 177333 -1.19679e+06 -1.01946e+06
2395 177463 -1.19692e+06 -1.01945e+06
2396 177592 -1.19705e+06 -1.01945e+06
2397 177722 -1.19718e+06 -1.01945e+06
2398 177851 -1.19731e+06 -1.01945e+06
2399 177980 -1.19743e+06 -1.01945e+06
2400 178109 -1.19756e+06 -1.01945e+06
2401 178238 -1.19769e+06 -1.01945e+06
2402 178367 -1.19782e+06 -1.01945e+06
2403 178496 -1.19795e+06 -1.01945e+06
2404 178625 -1.19808e+06 -1.01945e+06
2405 178753 -1.19821e+06 -1.01945e+06
2406 178882 -1.19834e+06 -1.01945e+06
2407 179010 -1.19846e+06 -1.01945e+06
2408 179139 -1.19859e+06 -1.01945e+06
2409 179267 -1.19872e+06 -1.01945e+06
2410 179395 -1.19885e+06 -1.01945e+06
2411 179523 -1.19898e+06 -1.01945e+06
2412 179651 -1.19911e+06 -1.01945e+06
2413 179779 -1.19923e+06 -1.01945e+06
2414 179907 -1.19936e+06 -1.01945e+06
2415 180035 -1.19949e+06 -1.01945e+06
2416 180163 -1.19962e+06 -1.01945e+06
2417 180290 -1.19974e+06 -1.01945e+06
2418 180418 -1.19987e+06 -1.01945e+06
2419 180545 -1.2e+06 -1.01945e+06
2420 180673 -1.20013e+06 -1.01945e+06
2421 180800 -1.20025e+06 -1.01945e+06
2422 180928 -1.20038e+06 -1.01945e+06
2423 181055 -1.20051e+06 -1.01945e+06
2424 181182 -1.20064e+06 -1.01945e+06
2425 181309 -1.20076e+06 -1.01945e+06
2426 181437 -1.20089e+06 -1.01945e+06
2427 181564 -1.20102e+06 -1.01945e+06
2428 181691 -1.20114e+06 -1.01945e+06
2429 181818 -1.20127e+06 -1.01945e+06
2430 181945 -1.2014e+06 -1.01945e+06
2431 182072 -1.20153e+06 -1.01945e+06
2432 182200 -1.20165e+06 -1.01945e+06
2433 182327 -1.20178e+06 -1.01945e+06
2434 182454 -1.20191e+06 -1.01945e+06
2435 182581 -1.20203e+06 -1.01945e+06
2436 182708 -1.20216e+06 -1.01945e+06
2437 182835 -1.20229e+06 -1.01945e+06
2438 182962 -1.20242e+06 -1.01945e+06
2439 183090 -1.20254e+06 -1.01945e+06
2440 183217 -1.20267e+06 -1.01945e+06
2441 183344 -1.2028e+06 -1.01945e+06
2442 183471 -1.20293e+06 -1.01945e+06
2443 183599 -1.20305e+06 -1.01945e+06
2444 183726 -1.20318e+06 -1.01945e+06
2445 183853 -1.20331e+06 -1.01945e+06
2446 183981 -1.20343e+06 -1.01945e+06
2447 184108 -1.20356e+06 -1.01945e+06
2448 184236 -1.20369e+06 -1.01945e+06
2449 184364 -1.20382e+06 -1.01945e+06
2450 184491 -1.20395e+06 -1.01945e+06
2451 184619 -1.20407e+06 -1.01945e+06
2452 184747 -1.2042e+06 -1.01945e+06
2453 184875 -1.20433e+06 -1.01945e+06
2454 185003 -1.20446e+06 -1.01945e+06
2455 185131 -1.20459e+06 -1.01945e+06
2456 185260 -1.20471e+06 -1.01945e+06
2457 185388 -1.20484e+06 -1.01945e+06
2458 185516 -1.20497e+06 -1.01945e+06
2459 185645 -1.2051e+06 -1.01945e+06
2460 185773 -1.20523e+06 -1.01945e+06
2461 185902 -1.20536e+06 -1.01945e+06
2462 186031 -1.20549e+06 -1.01945e+06
2463 186160 -1.20561e+06 -1.01945e+06
2464 186289 -1.20574e+06 -1.01945e+06
2465 186418 -1.20587e+06 -1.01945e+06
2466 186548 -1.206e+06 -1.01945e+06
2467 186677 -1.20613e+06 -1.01945e+06
2468 186807 -1.20626e+06 -1.01946e+06
2469 186936 -1.20639e+06 -1.01946e+06
2470 187066 -1.20652e+06 -1.01946e+06
2471 187196 -1.20665e+06 -1.01946e+06
2472 187326 -1.20678e+06 -1.01946e+06
2473 187456 -1.20691e+06 -1.01946e+06
2474 187587 -1.20704e+06 -1.01946e+06
2475 187717 -1.20717e+06 -1.01946e+06
2476 187848 -1.2073e+06 -1.01946e+06
2477 187979 -1.20743e+06 -1.01946e+06
2478 188110 -1.20757e+06 -1.01946e+06
2479 188241 -1.2077e+06 -1.01946e+06
2480 188372 -1.20783e+06 -1.01946e+06
2481 188503 -1.20796e+06 -1.01946e+06
2482 188635 -1.20809e+06 -1.01946e+06
2483 188766 -1.20822e+06 -1.01946e+06
2484 188898 -1.20835e+06 -1.01946e+06
2485 189030 -1.20849e+06 -1.01946e+06
2486 189162 -1.20862e+06 -1.01946e+06
2487 189294 -1.20875e+06 -1.01946e+06
2488 189427 -1.20888e+06 -1.01946e+06
2489 189559 -1.20902e+06 -1.01946e+06
2490 189692 -1.20915e+06 -1.01946e+06
2491 189825 -1.20928e+06 -1.01946e+06
2492 189958 -1.20941e+06 -1.01946e+06
2493 190091 -1.20955e+06 -1.01946e+06
2494 190224 -1.20968e+06 -1.01946e+06
2495 190357 -1.20981e+06 -1.01946e+06
2496 190491 -1.20995e+06 -1.01946e+06
2497 190624 -1.21008e+06 -1.01946e+06
2498 190758 -1.21022e+06 -1.01946e+06
2499 190892 -1.21035e+06 -1.01946e+06
2500 191026 -1.21048e+06 -1.01946e+06
2501 191161 -1.21062e+06 -1.01946e+06
2502 191295 -1.21075e+06 -1.01946e+06
2503 191429 -1.21089e+06 -1.01946e+06
2504 191564 -1.21102e+06 -1.01946e+06
2505 191699 -1.21116e+06 -1.01946e+06
2506 191834 -1.21129e+06 -1.01946e+06
2507 191969 -1.21143e+06 -1.01946e+06
2508 192104 -1.21156e+06 -1.01946e+06
2509 192239 -1.2117e+06 -1.01946e+06
2510 192374 -1.21183e+06 -1.01946e+06
2511 192510 -1.21197e+06 -1.01946e+06
2512 192645 -1.2121e+06 -1.01946e+06
2513 192781 -1.21224e+06 -1.01946e+06
2514 192917 -1.21238e+06 -1.01946e+06
2515 193053 -1.21251e+06 -1.01946e+06
2516 193189 -1.21265e+06 -1.01946e+06
2517 193325 -1.21278e+06 -1.01946e+06
2518 193461 -1.21292e+06 -1.01946e+06
2519 193598 -1.21306e+06 -1.01946e+06
2520 193734 -1.21319e+06 -1.01946e+06
2521 193870 -1.21333e+06 -1.01946e+06
2522 194007 -1.21347e+06 -1.01946e+06
2523 194144 -1.2136e+06 -1.01946e+06
2524 194280 -1.21374e+06 -1.01946e+06
2525 194417 -1.21388e+06 -1.01946e+06
2526 194554 -1.21401e+06 -1.01946e+06
2527 194691 -1.21415e+06 -1.01946e+06
2528 194828 -1.21429e+06 -1.01946e+06
2529 194965 -1.21442e+06 -1.01946e+06
2530 195102 -1.21456e+06 -1.01946e+06
2531 195239 -1.2147e+06 -1.01946e+06
2532 195376 -1.21484e+06 -1.01946e+06
2533 195514 -1.21497e+06 -1.01946e+06
2534 195651 -1.21511e+06 -1.01946e+06
2535 195788 -1.21525e+06 -1.01946e+06
2536 195925 -1.21538e+06 -1.01946e+06
2537 196063 -1.21552e+06 -1.01946e+06
2538 196200 -1.21566e+06 -1.01946e+06
2539 196337 -1.2158e+06 -1.01946e+06
2540 196475 -1.21593e+06 -1.01946e+06
2541 196612 -1.21607e+06 -1.01946e+06
2542 196749 -1.21621e+06 -1.01946e+06
2543 196887 -1.21635e+06 -1.01946e+06
2544 197024 -1.21648e+06 -1.01946e+06
2545 197161 -1.21662e+06 -1.01946e+06
2546 197299 -1.21676e+06 -1.01946e+06
2547 197436 -1.21689e+06 -1.01946e+06
2548 197573 -1.21703e+06 -1.01946e+06
2549 197710 -1.21717e+06 -1.01946e+06
2550 197847 -1.21731e+06 -1.01946e+06
2551 197984 -1.21744e+06 -1.01946e+06
2552 198121 -1.21758e+06 -1.01946e+06
2553 198258 -1.21772e+06 -1.01946e+06
2554 198395 -1.21785e+06 -1.01946e+06
2555 198532 -1.21799e+06 -1.01946e+06
2556 198669 -1.21813e+06 -1.01946e+06
2557 198806 -1.21826e+06 -1.01946e+06
2558 198943 -1.2184e+06 -1.01946e+06
2559 199079 -1.21854e+06 -1.01946e+06
2560 199216 -1.21867e+06 -1.01946e+06
2561 199352 -1.21881e+06 -1.01946e+06
2562 199489 -1.21895e+06 -1.01946e+06
2563 199625 -1.21908e+06 -1.01946e+06
2564 199761 -1.21922e+06 -1.01946e+06
2565 199897 -1.21936e+06 -1.01946e+06
2566 200033 -1.21949e+06 -1.01946e+06
2567 200169 -1.21963e+06 -1.01946e+06
2568 200305 -1.21976e+06 -1.01946e+06
2569 200440 -1.2199e+06 -1.01946e+06
2570 200576 -1.22003e+06 -1.01946e+06
2571 200711 -1.22017e+06 -1.01946e+06
2572 200847 -1.2203e+06 -1.01946e+06
2573 200982 -1.22044e+06 -1.01946e+06
2574 201117 -1.22057e+06 -1.01946e+06
2575 201252 -1.22071e+06 -1.01946e+06
2576 201387 -1.22084e+06 -1.01946e+06
2577 201521 -1.22098e+06 -1.01946e+06
2578 201656 -1.22111e+06 -1.01946e+06
2579 201790 -1.22125e+06 -1.01946e+06
2580 201924 -1.22138e+06 -1.01946e+06
2581 202059 -1.22152e+06 -1.01946e+06
2582 202192 -1.22165e+06 -1.01946e+06
2583 202326 -1.22178e+06 -1.01946e+06
2584 202460 -1.22192e+06 -1.01946e+06
2585 202593 -1.22205e+06 -1.01946e+06
2586 202727 -1.22218e+06 -1.01946e+06
2587 202860 -1.22232e+06 -1.01946e+06
2588 202993 -1.22245e+06 -1.01946e+06
2589 203126 -1.22258e+06 -1.01946e+06
2590 203259 -1.22272e+06 -1.01946e+06
2591 203391 -1.22285e+06 -1.01946e+06
2592 203524 -1.22298e+06 -1.01946e+06
2593 203656 -1.22311e+06 -1.01946e+06
2594 203788 -1.22324e+06 -1.01946e+06
2595 203920 -1.22338e+06 -1.01946e+06
2596 204052 -1.22351e+06 -1.01946e+06
2597 204184 -1.22364e+06 -1.01946e+06
2598 204316 -1.22377e+06 -1.01946e+06
2599 204447 -1.2239e+06 -1.01946e+06
2600 204578 -1.22403e+06 -1.01946e+06
2601 204709 -1.22416e+06 -1.01946e+06
2602 204840 -1.2243e+06 -1.01946e+06
2603 204971 -1.22443e+06 -1.01946e+06
2604 205102 -1.22456e+06 -1.01946e+06
2605 205232 -1.22469e+06 -1.01946e+06
2606 205363 -1.22482e+06 -1.01946e+06
2607 205493 -1.22495e+06 -1.01946e+06
2608 205623 -1.22508e+06 -1.01946e+06
2609 205753 -1.22521e+06 -1.01946e+06
2610 205883 -1.22534e+06 -1.01946e+06
2611 206012 -1.22547e+06 -1.01945e+06
2612 206142 -1.2256e+06 -1.01945e+06
2613 206271 -1.22573e+06 -1.01945e+06
2614 206401 -1.22586e+06 -1.01945e+06
2615 206530 -1.22598e+06 -1.01945e+06
2616 206659 -1.22611e+06 -1.01945e+06
2617 206788 -1.22624e+06 -1.01945e+06
2618 206917 -1.22637e+06 -1.01945e+06
2619 207046 -1.2265e+06 -1.01945e+06
2620 207174 -1.22663e+06 -1.01945e+06
2621 207303 -1.22676e+06 -1.01945e+06
2622 207431 -1.22689e+06 -1.01945e+06
2623 207559 -1.22701e+06 -1.01945e+06
2624 207688 -1.22714e+06 -1.01945e+06
2625 207816 -1.22727e+06 -1.01945e+06
2626 207944 -1.2274e+06 -1.01945e+06
2627 208072 -1.22753e+06 -1.01945e+06
2628 208199 -1.22765e+06 -1.01945e+06
2629 208327 -1.22778e+06 -1.01945e+06
2630 208455 -1.22791e+06 -1.01945e+06
2631 208582 -1.22804e+06 -1.01945e+06
2632 208710 -1.22816e+06 -1.01945e+06
2633 208837 -1.22829e+06 -1.01945e+06
2634 208964 -1.22842e+06 -1.01945e+06
2635 209092 -1.22855e+06 -1.01945e+06
2636 209219 -1.22867e+06 -1.01945e+06
2637 209346 -1.2288e+06 -1.01945e+06
2638 209473 -1.22893e+06 -1.01945e+06
2639 209600 -1.22905e+06 -1.01945e+06
2640 209726 -1.22918e+06 -1.01945e+06
2641 209853 -1.22931e+06 -1.01945e+06
2642 209980 -1.22943e+06 -1.01945e+06
2643 210106 -1.22956e+06 -1.01945e+06
2644 210233 -1.22969e+06 -1.01945e+06
2645 210359 -1.22981e+06 -1.01945e+06
2646 210486 -1.22994e+06 -1.01945e+06
2647 210612 -1.23007e+06 -1.01945e+06
2648 210738 -1.23019e+06 -1.01945e+06
2649 210865 -1.23032e+06 -1.01945e+06
2650 210991 -1.23044e+06 -1.01945e+06
2651 211117 -1.23057e+06 -1.01945e+06
2652 211243 -1.2307e+06 -1.01945e+06
2653 211369 -1.23082e+06 -1.01945e+06
2654 211494 -1.23095e+06 -1.01945e+06
2655 211620 -1.23107e+06 -1.01945e+06
2656 211746 -1.2312e+06 -1.01945e+06
2657 211871 -1.23132e+06 -1.01945e+06
2658 211997 -1.23145e+06 -1.01945e+06
2659 212122 -1.23158e+06 -1.01945e+06
2660 212248 -1.2317e+06 -1.01945e+06
2661 212373 -1.23183e+06 -1.01945e+06
2662 212498 -1.23195e+06 -1.01945e+06
2663 212623 -1.23208e+06 -1.01945e+06
2664 212748 -1.2322e+06 -1.01945e+06
2665 212873 -1.23233e+06 -1.01945e+06
2666 212998 -1.23245e+06 -1.01945e+06
2667 213123 -1.23258e+06 -1.01945e+06
2668 213248 -1.2327e+06 -1.01945e+06
2669 213372 -1.23282e+06 -1.01945e+06
2670 213497 -1.23295e+06 -1.01945e+06
2671 213621 -1.23307e+06 -1.01945e+06
2672 213746 -1.2332e+06 -1.01945e+06
2673 213870 -1.23332e+06 -1.01945e+06
2674 213994 -1.23345e+06 -1.01945e+06
2675 214119 -1.23357e+06 -1.01945e+06
2676 214243 -1.2337e+06 -1.01945e+06
2677 214367 -1.23382e+06 -1.01945e+06
2678 214491 -1.23394e+06 -1.01945e+06
2679 214615 -1.23407e+06 -1.01945e+06
2680 214739 -1.23419e+06 -1.01945e+06
2681 214863 -1.23431e+06 -1.01945e+06
2682 214987 -1.23444e+06 -1.01945e+06
2683 215110 -1.23456e+06 -1.01945e+06
2684 215234 -1.23469e+06 -1.01945e+06
2685 215358 -1.23481e+06 -1.01945e+06
2686 215482 -1.23493e+06 -1.01945e+06
2687 215605 -1.23506e+06 -1.01945e+06
2688 215729 -1.23518e+06 -1.01945e+06
2689 215853 -1.2353e+06 -1.01945e+06
2690 215976 -1.23543e+06 -1.01945e+06
2691 216100 -1.23555e+06 -1.01945e+06
2692 216223 -1.23568e+06 -1.01945e+06
2693 216347 -1.2358e+06 -1.01945e+06
2694 216470 -1.23592e+06 -1.01945e+06
2695 216594 -1.23605e+06 -1.01945e+06
2696 216717 -1.23617e+06 -1.01945e+06
2697 216841 -1.23629e+06 -1.01945e+06
2698 216964 -1.23642e+06 -1.01945e+06
2699 217088 -1.23654e+06 -1.01945e+06
2700 217212 -1.23666e+06 -1.01945e+06
2701 217335 -1.23679e+06 -1.01945e+06
2702 217459 -1.23691e+06 -1.01945e+06
2703 217583 -1.23703e+06 -1.01945e+06
2704 217706 -1.23716e+06 -1.01945e+06
2705 217830 -1.23728e+06 -1.01945e+06
2706 217954 -1.23741e+06 -1.01945e+06
2707 218078 -1.23753e+06 -1.01945e+06
2708 218202 -1.23765e+06 -1.01945e+06
2709 218325 -1.23778e+06 -1.01945e+06
2710 218449 -1.2379e+06 -1.01945e+06
2711 218573 -1.23803e+06 -1.01945e+06
2712 218698 -1.23815e+06 -1.01945e+06
2713 218822 -1.23827e+06 -1.01945e+06
2714 218946 -1.2384e+06 -1.01945e+06
2715 219070 -1.23852e+06 -1.01945e+06
2716 219195 -1.23865e+06 -1.01945e+06
2717 219319 -1.23877e+06 -1.01945e+06
2718 219444 -1.2389e+06 -1.01945e+06
2719 219568 -1.23902e+06 -1.01945e+06
2720 219693 -1.23915e+06 -1.01945e+06
2721 219818 -1.23927e+06 -1.01945e+06
2722 219943 -1.2394e+06 -1.01945e+06
2723 220068 -1.23952e+06 -1.01945e+06
2724 220193 -1.23965e+06 -1.01945e+06
2725 220318 -1.23977e+06 -1.01945e+06
2726 220444 -1.2399e+06 -1.01945e+06
2727 220569 -1.24002e+06 -1.01945e+06
2728 220695 -1.24015e+06 -1.01945e+06
2729 220820 -1.24027e+06 -1.01945e+06
2730 220946 -1.2404e+06 -1.01945e+06
2731 221072 -1.24052e+06 -1.01945e+06
2732 221198 -1.24065e+06 -1.01945e+06
2733 221324 -1.24078e+06 -1.01945e+06
2734 221450 -1.2409e+06 -1.01945e+06
2735 221576 -1.24103e+06 -1.01945e+06
2736 221703 -1.24116e+06 -1.01945e+06
2737 221829 -1.24128e+06 -1.01945e+06
2738 221956 -1.24141e+06 -1.01945e+06
2739 222083 -1.24154e+06 -1.01945e+06
2740 222210 -1.24166e+06 -1.01945e+06
2741 222337 -1.24179e+06 -1.01945e+06
2742 222465 -1.24192e+06 -1.01945e+06
2743 222592 -1.24205e+06 -1.01945e+06
2744 222720 -1.24217e+06 -1.01945e+06
2745 222847 -1.2423e+06 -1.01945e+06
2746 222975 -1.24243e+06 -1.01945e+06
2747 223103 -1.24256e+06 -1.01945e+06
2748 223232 -1.24269e+06 -1.01945e+06
2749 223360 -1.24281e+06 -1.01945e+06
2750 223489 -1.24294e+06 -1.01945e+06
2751 223617 -1.24307e+06 -1.01945e+06
2752 223746 -1.2432e+06 -1.01945e+06
2753 223875 -1.24333e+06 -1.01945e+06
2754 224005 -1.24346e+06 -1.01945e+06
2755 224134 -1.24359e+06 -1.01946e+06
2756 224264 -1.24372e+06 -1.01946e+06
2757 224394 -1.24385e+06 -1.01946e+06
2758 224524 -1.24398e+06 -1.01946e+06
2759 224654 -1.24411e+06 -1.01946e+06
2760 224785 -1.24424e+06 -1.01946e+06
2761 224916 -1.24437e+06 -1.01946e+06
2762 225047 -1.2445e+06 -1.01946e+06
2763 225178 -1.24463e+06 -1.01946e+06
2764 225310 -1.24477e+06 -1.01946e+06
2765 225441 -1.2449e+06 -1.01946e+06
2766 225573 -1.24503e+06 -1.01946e+06
2767 225706 -1.24516e+06 -1.01946e+06
2768 225838 -1.24529e+06 -1.01946e+06
2769 225971 -1.24543e+06 -1.01946e+06
2770 226104 -1.24556e+06 -1.01946e+06
2771 226238 -1.24569e+06 -1.01946e+06
2772 226371 -1.24583e+06 -1.01946e+06
2773 226505 -1.24596e+06 -1.01946e+06
2774 226639 -1.2461e+06 -1.01946e+06
2775 226774 -1.24623e+06 -1.01946e+06
2776 226909 -1.24637e+06 -1.01946e+06
2777 227044 -1.2465e+06 -1.01946e+06
2778 227180 -1.24664e+06 -1.01946e+06
2779 227315 -1.24677e+06 -1.01946e+06
2780 227451 -1.24691e+06 -1.01946e+06
2781 227588 -1.24705e+06 -1.01946e+06
2782 227725 -1.24718e+06 -1.01946e+06
2783 227862 -1.24732e+06 -1.01946e+06
2784 227999 -1.24746e+06 -1.01946e+06
2785 228137 -1.2476e+06 -1.01946e+06
2786 228275 -1.24773e+06 -1.01946e+06
2787 228414 -1.24787e+06 -1.01946e+06
2788 228553 -1.24801e+06 -1.01946e+06
2789 228692 -1.24815e+06 -1.01946e+06
2790 228831 -1.24829e+06 -1.01946e+06
2791 228971 -1.24843e+06 -1.01946e+06
2792 229112 -1.24857e+06 -1.01946e+06
2793 229252 -1.24871e+06 -1.01946e+06
2794 229393 -1.24885e+06 -1.01946e+06
2795 229535 -1.249e+06 -1.01946e+06
2796 229676 -1.24914e+06 -1.01946e+06
2797 229819 -1.24928e+06 -1.01946e+06
2798 229961 -1.24942e+06 -1.01946e+06
2799 230104 -1.24957e+06 -1.01946e+06
2800 230247 -1.24971e+06 -1.01946e+06
2801 230391 -1.24985e+06 -1.01946e+06
2802 230535 -1.25e+06 -1.01946e+06
2803 230680 -1.25014e+06 -1.01946e+06
2804 230824 -1.25029e+06 -1.01946e+06
2805 230970 -1.25043e+06 -1.01946e+06
2806 231115 -1.25058e+06 -1.01946e+06
2807 231261 -1.25072e+06 -1.01946e+06
2808 231407 -1.25087e+06 -1.01946e+06
2809 231554 -1.25102e+06 -1.01946e+06
2810 231701 -1.25117e+06 -1.01946e+06
2811 231849 -1.25131e+06 -1.01946e+06
2812 231997 -1.25146e+06 -1.01946e+06
2813 232145 -1.25161e+06 -1.01946e+06
2814 232293 -1.25176e+06 -1.01946e+06
2815 232442 -1.25191e+06 -1.01946e+06
2816 232592 -1.25206e+06 -1.01947e+06
2817 232741 -1.25221e+06 -1.01947e+06
2818 232892 -1.25236e+06 -1.01947e+06
2819 233042 -1.25251e+06 -1.01947e+06
2820 233193 -1.25266e+06 -1.01947e+06
2821 233344 -1.25281e+06 -1.01947e+06
2822 233496 -1.25296e+06 -1.01947e+06
2823 233647 -1.25311e+06 -1.01947e+06
2824 233800 -1.25327e+06 -1.01947e+06
2825 233952 -1.25342e+06 -1.01947e+06
2826 234105 -1.25357e+06 -1.01947e+06
2827 234258 -1.25373e+06 -1.01947e+06
2828 234412 -1.25388e+06 -1.01947e+06
2829 234566 -1.25403e+06 -1.01947e+06
2830 234720 -1.25419e+06 -1.01947e+06
2831 234875 -1.25434e+06 -1.01947e+06
2832 235030 -1.2545e+06 -1.01947e+06
2833 235185 -1.25465e+06 -1.01947e+06
2834 235340 -1.25481e+06 -1.01947e+06
2835 235496 -1.25496e+06 -1.01947e+06
2836 235652 -1.25512e+06 -1.01947e+06
2837 235809 -1.25528e+06 -1.01947e+06
2838 235966 -1.25543e+06 -1.01947e+06
2839 236123 -1.25559e+06 -1.01947e+06
2840 236280 -1.25575e+06 -1.01947e+06
2841 236437 -1.25591e+06 -1.01947e+06
2842 236595 -1.25606e+06 -1.01947e+06
2843 236753 -1.25622e+06 -1.01947e+06
2844 236912 -1.25638e+06 -1.01947e+06
2845 237070 -1.25654e+06 -1.01947e+06
2846 237229 -1.2567e+06 -1.01947e+06
2847 237388 -1.25686e+06 -1.01947e+06
2848 237548 -1.25702e+06 -1.01947e+06
2849 237707 -1.25718e+06 -1.01947e+06
2850 237867 -1.25734e+06 -1.01947e+06
2851 238027 -1.2575e+06 -1.01947e+06
2852 238187 -1.25766e+06 -1.01947e+06
2853 238347 -1.25782e+06 -1.01947e+06
2854 238508 -1.25798e+06 -1.01947e+06
2855 238669 -1.25814e+06 -1.01947e+06
2856 238829 -1.2583e+06 -1.01947e+06
2857 238991 -1.25846e+06 -1.01947e+06
2858 239152 -1.25862e+06 -1.01947e+06
2859 239313 -1.25878e+06 -1.01947e+06
2860 239474 -1.25895e+06 -1.01947e+06
2861 239636 -1.25911e+06 -1.01947e+06
2862 239798 -1.25927e+06 -1.01947e+06
2863 239960 -1.25943e+06 -1.01947e+06
2864 240121 -1.25959e+06 -1.01947e+06
2865 240283 -1.25975e+06 -1.01947e+06
2866 240445 -1.25992e+06 -1.01947e+06
2867 240608 -1.26008e+06 -1.01947e+06
2868 240770 -1.26024e+06 -1.01947e+06
2869 240932 -1.2604e+06 -1.01947e+06
2870 241094 -1.26057e+06 -1.01947e+06
2871 241256 -1.26073e+06 -1.01947e+06
2872 241419 -1.26089e+06 -1.01947e+06
2873 241581 -1.26105e+06 -1.01947e+06
2874 241743 -1.26121e+06 -1.01947e+06
2875 241905 -1.26138e+06 -1.01947e+06
2876 242067 -1.26154e+06 -1.01947e+06
2877 242229 -1.2617e+06 -1.01947e+06
2878 242392 -1.26186e+06 -1.01947e+06
2879 242553 -1.26202e+06 -1.01947e+06
2880 242715 -1.26219e+06 -1.01947e+06
2881 242877 -1.26235e+06 -1.01947e+06
2882 243039 -1.26251e+06 -1.01947e+06
2883 243200 -1.26267e+06 -1.01947e+06
2884 243362 -1.26283e+06 -1.01947e+06
2885 243523 -1.26299e+06 -1.01947e+06
2886 243684 -1.26315e+06 -1.01947e+06
2887 243845 -1.26332e+06 -1.01947e+06
2888 244006 -1.26348e+06 -1.01947e+06
2889 244166 -1.26364e+06 -1.01947e+06
2890 244327 -1.2638e+06 -1.01947e+06
2891 244487 -1.26396e+06 -1.01947e+06
2892 244647 -1.26412e+06 -1.01947e+06
2893 244806 -1.26428e+06 -1.01947e+06
2894 244966 -1.26444e+06 -1.01947e+06
2895 245125 -1.26459e+06 -1.01947e+06
2896 245284 -1.26475e+06 -1.01947e+06
2897 245442 -1.26491e+06 -1.01947e+06
2898 245601 -1.26507e+06 -1.01947e+06
2899 245759 -1.26523e+06 -1.01947e+06
2900 245916 -1.26539e+06 -1.01947e+06
2901 246074 -1.26554e+06 -1.01947e+06
2902 246231 -1.2657e+06 -1.01947e+06
2903 246388 -1.26586e+06 -1.01947e+06
2904 246544 -1.26601e+06 -1.01947e+06
2905 246700 -1.26617e+06 -1.01947e+06
2906 246856 -1.26632e+06 -1.01947e+06
2907 247011 -1.26648e+06 -1.01947e+06
2908 247166 -1.26663e+06 -1.01947e+06
2909 247321 -1.26679e+06 -1.01947e+06
2910 247475 -1.26694e+06 -1.01947e+06
2911 247629 -1.2671e+06 -1.01947e+06
2912 247783 -1.26725e+06 -1.01947e+06
2913 247936 -1.2674e+06 -1.01947e+06
2914 248088 -1.26755e+06 -1.01947e+06
2915 248241 -1.26771e+06 -1.01947e+06
2916 248393 -1.26786e+06 -1.01947e+06
2917 248544 -1.26801e+06 -1.01947e+06
2918 248695 -1.26816e+06 -1.01947e+06
2919 248846 -1.26831e+06 -1.01947e+06
2920 248996 -1.26846e+06 -1.01947e+06
2921 249146 -1.26861e+06 -1.01946e+06
2922 249295 -1.26876e+06 -1.01946e+06
2923 249444 -1.26891e+06 -1.01946e+06
2924 249593 -1.26906e+06 -1.01946e+06
2925 249741 -1.26921e+06 -1.01946e+06
2926 249889 -1.26935e+06 -1.01946e+06
2927 250036 -1.2695e+06 -1.01946e+06
2928 250183 -1.26965e+06 -1.01946e+06
2929 250330 -1.26979e+06 -1.01946e+06
2930 250476 -1.26994e+06 -1.01946e+06
2931 250621 -1.27008e+06 -1.01946e+06
2932 250767 -1.27023e+06 -1.01946e+06
2933 250912 -1.27037e+06 -1.01946e+06
2934 251056 -1.27052e+06 -1.01946e+06
2935 251200 -1.27066e+06 -1.01946e+06
2936 251344 -1.27081e+06 -1.01946e+06
2937 251487 -1.27095e+06 -1.01946e+06
2938 251630 -1.27109e+06 -1.01946e+06
2939 251772 -1.27123e+06 -1.01946e+06
2940 251914 -1.27138e+06 -1.01946e+06
2941 252056 -1.27152e+06 -1.01946e+06
2942 252198 -1.27166e+06 -1.01946e+06
2943 252339 -1.2718e+06 -1.01946e+06
2944 252479 -1.27194e+06 -1.01946e+06
2945 252619 -1.27208e+06 -1.01946e+06
2946 252759 -1.27222e+06 -1.01946e+06
2947 252899 -1.27236e+06 -1.01946e+06
2948 253038 -1.2725e+06 -1.01946e+06
2949 253177 -1.27264e+06 -1.01946e+06
2950 253316 -1.27278e+06 -1.01946e+06
2951 253454 -1.27291e+06 -1.01946e+06
2952 253592 -1.27305e+06 -1.01946e+06
2953 253730 -1.27319e+06 -1.01946e+06
2954 253867 -1.27333e+06 -1.01946e+06
2955 254004 -1.27346e+06 -1.01946e+06
2956 254141 -1.2736e+06 -1.01946e+06
2957 254277 -1.27374e+06 -1.01946e+06
2958 254414 -1.27387e+06 -1.01946e+06
2959 254549 -1.27401e+06 -1.01946e+06
2960 254685 -1.27414e+06 -1.01946e+06
2961 254821 -1.27428e+06 -1.01946e+06
2962 254956 -1.27441e+06 -1.01946e+06
2963 255091 -1.27455e+06 -1.01946e+06
2964 255225 -1.27468e+06 -1.01946e+06
2965 255360 -1.27482e+06 -1.01946e+06
2966 255494 -1.27495e+06 -1.01946e+06
2967 255628 -1.27508e+06 -1.01946e+06
2968 255762 -1.27522e+06 -1.01946e+06
2969 255895 -1.27535e+06 -1.01946e+06
2970 256028 -1.27549e+06 -1.01946e+06
2971 256162 -1.27562e+06 -1.01946e+06
2972 256295 -1.27575e+06 -1.01946e+06
2973 256427 -1.27588e+06 -1.01946e+06
2974 256560 -1.27602e+06 -1.01946e+06
2975 256692 -1.27615e+06 -1.01946e+06
2976 256825 -1.27628e+06 -1.01946e+06
2977 256957 -1.27641e+06 -1.01946e+06
2978 257089 -1.27654e+06 -1.01946e+06
2979 257221 -1.27668e+06 -1.01946e+06
2980 257352 -1.27681e+06 -1.01946e+06
2981 257484 -1.27694e+06 -1.01946e+06
2982 257616 -1.27707e+06 -1.01946e+06
2983 257747 -1.2772e+06 -1.01946e+06
2984 257878 -1.27733e+06 -1.01946e+06
2985 258010 -1.27747e+06 -1.01946e+06
2986 258141 -1.2776e+06 -1.01946e+06
2987 258272 -1.27773e+06 -1.01946e+06
2988 258404 -1.27786e+06 -1.01946e+06
2989 258535 -1.27799e+06 -1.01946e+06
2990 258666 -1.27812e+06 -1.01946e+06
2991 258797 -1.27825e+06 -1.01946e+06
2992 258929 -1.27838e+06 -1.01946e+06
2993 259060 -1.27852e+06 -1.01946e+06
2994 259192 -1.27865e+06 -1.01946e+06
2995 259323 -1.27878e+06 -1.01946e+06
2996 259455 -1.27891e+06 -1.01946e+06
2997 259586 -1.27904e+06 -1.01946e+06
2998 259718 -1.27917e+06 -1.01946e+06
2999 259850 -1.27931e+06 -1.01946e+06
3000 259982 -1.27944e+06 -1.01946e+06
3001 260115 -1.27957e+06 -1.01946e+06
3002 260247 -1.2797e+06 -1.01946e+06
3003 260380 -1.27984e+06 -1.01946e+06
3004 260513 -1.27997e+06 -1.01946e+06
3005 260646 -1.2801e+06 -1.01946e+06
3006 260779 -1.28024e+06 -1.01946e+06
3007 260913 -1.28037e+06 -1.01946e+06
3008 261047 -1.2805e+06 -1.01946e+06
3009 261181 -1.28064e+06 -1.01946e+06
3010 261315 -1.28077e+06 -1.01946e+06
3011 261450 -1.28091e+06 -1.01946e+06
3012 261585 -1.28104e+06 -1.01946e+06
3013 261720 -1.28118e+06 -1.01946e+06
3014 261856 -1.28131e+06 -1.01946e+06
3015 261991 -1.28145e+06 -1.01946e+06
3016 262128 -1.28159e+06 -1.01946e+06
3017 262264 -1.28172e+06 -1.01946e+06
3018 262401 -1.28186e+06 -1.01946e+06
3019 262538 -1.282e+06 -1.01946e+06
3020 262676 -1.28213e+06 -1.01946e+06
3021 262813 -1.28227e+06 -1.01946e+06
3022 262952 -1.28241e+06 -1.01946e+06
3023 263090 -1.28255e+06 -1.01946e+06
3024 263229 -1.28269e+06 -1.01946e+06
3025 263369 -1.28283e+06 -1.01946e+06
3026 263508 -1.28297e+06 -1.01946e+06
3027 263648 -1.28311e+06 -1.01946e+06
3028 263789 -1.28325e+06 -1.01946e+06
3029 263930 -1.28339e+06 -1.01946e+06
3030 264071 -1.28353e+06 -1.01946e+06
3031 264212 -1.28367e+06 -1.01946e+06
3032 264354 -1.28382e+06 -1.01946e+06
3033 264497 -1.28396e+06 -1.01946e+06
3034 264639 -1.2841e+06 -1.01946e+06
3035 264782 -1.28424e+06 -1.01946e+06
3036 264926 -1.28439e+06 -1.01946e+06
3037 265070 -1.28453e+06 -1.01946e+06
3038 265214 -1.28468e+06 -1.01946e+06
3039 265359 -1.28482e+06 -1.01946e+06
3040 265504 -1.28497e+06 -1.01946e+06
3041 265649 -1.28511e+06 -1.01946e+06
3042 265795 -1.28526e+06 -1.01946e+06
3043 265941 -1.2854e+06 -1.01946e+06
3044 266088 -1.28555e+06 -1.01946e+06
3045 266235 -1.2857e+06 -1.01946e+06
3046 266382 -1.28585e+06 -1.01946e+06
3047 266530 -1.28599e+06 -1.01946e+06
3048 266678 -1.28614e+06 -1.01946e+06
3049 266826 -1.28629e+06 -1.01946e+06
3050 266975 -1.28644e+06 -1.01946e+06
3051 267124 -1.28659e+06 -1.01946e+06
3052 267274 -1.28674e+06 -1.01947e+06
3053 267424 -1.28689e+06 -1.01947e+06
3054 267574 -1.28704e+06 -1.01947e+06
3055 267725 -1.28719e+06 -1.01947e+06
3056 267876 -1.28734e+06 -1.01947e+06
3057 268027 -1.28749e+06 -1.01947e+06
3058 268179 -1.28764e+06 -1.01947e+06
3059 268331 -1.2878e+06 -1.01947e+06
3060 268483 -1.28795e+06 -1.01947e+06
3061 268636 -1.2881e+06 -1.01947e+06
3062 268789 -1.28826e+06 -1.01947e+06
3063 268943 -1.28841e+06 -1.01947e+06
3064 269096 -1.28856e+06 -1.01947e+06
3065 269250 -1.28872e+06 -1.01947e+06
3066 269405 -1.28887e+06 -1.01947e+06
3067 269560 -1.28903e+06 -1.01947e+06
3068 269715 -1.28918e+06 -1.01947e+06
3069 269870 -1.28934e+06 -1.01947e+06
3070 270026 -1.28949e+06 -1.01947e+06
3071 270182 -1.28965e+06 -1.01947e+06
3072 270338 -1.28981e+06 -1.01947e+06
3073 270495 -1.28996e+06 -1.01947e+06
3074 270652 -1.29012e+06 -1.01947e+06
3075 270809 -1.29028e+06 -1.01947e+06
3076 270967 -1.29044e+06 -1.01947e+06
3077 271125 -1.29059e+06 -1.01947e+06
3078 271283 -1.29075e+06 -1.01947e+06
3079 271442 -1.29091e+06 -1.01947e+06
3080 271601 -1.29107e+06 -1.01947e+06
3081 271760 -1.29123e+06 -1.01947e+06
3082 271919 -1.29139e+06 -1.01947e+06
3083 272079 -1.29155e+06 -1.01947e+06
3084 272239 -1.29171e+06 -1.01947e+06
3085 272400 -1.29187e+06 -1.01947e+06
3086 272560 -1.29203e+06 -1.01947e+06
3087 272721 -1.29219e+06 -1.01947e+06
3088 272883 -1.29235e+06 -1.01947e+06
3089 273044 -1.29252e+06 -1.01947e+06
3090 273206 -1.29268e+06 -1.01947e+06
3091 273368 -1.29284e+06 -1.01947e+06
3092 273531 -1.293e+06 -1.01947e+06
3093 273694 -1.29317e+06 -1.01947e+06
3094 273857 -1.29333e+06 -1.01947e+06
3095 274020 -1.29349e+06 -1.01947e+06
3096 274184 -1.29366e+06 -1.01947e+06
3097 274348 -1.29382e+06 -1.01947e+06
3098 274512 -1.29398e+06 -1.01947e+06
3099 274677 -1.29415e+06 -1.01947e+06
3100 274842 -1.29431e+06 -1.01947e+06
3101 275007 -1.29448e+06 -1.01947e+06
3102 275173 -1.29465e+06 -1.01947e+06
3103 275338 -1.29481e+06 -1.01947e+06
3104 275505 -1.29498e+06 -1.01947e+06
3105 275671 -1.29514e+06 -1.01947e+06
3106 275838 -1.29531e+06 -1.01947e+06
3107 276005 -1.29548e+06 -1.01947e+06
3108 276172 -1.29565e+06 -1.01947e+06
3109 276340 -1.29581e+06 -1.01947e+06
3110 276508 -1.29598e+06 -1.01947e+06
3111 276676 -1.29615e+06 -1.01947e+06
3112 276844 -1.29632e+06 -1.01947e+06
3113 277013 -1.29649e+06 -1.01947e+06
3114 277182 -1.29666e+06 -1.01947e+06
3115 277352 -1.29683e+06 -1.01948e+06
3116 277522 -1.297e+06 -1.01948e+06
3117 277692 -1.29717e+06 -1.01948e+06
3118 277862 -1.29734e+06 -1.01948e+06
3119 278033 -1.29751e+06 -1.01948e+06
3120 278204 -1.29768e+06 -1.01948e+06
3121 278375 -1.29785e+06 -1.01948e+06
3122 278547 -1.29802e+06 -1.01948e+06
3123 278719 -1.29819e+06 -1.01948e+06
3124 278891 -1.29837e+06 -1.01948e+06
3125 279063 -1.29854e+06 -1.01948e+06
3126 279236 -1.29871e+06 -1.01948e+06
3127 279409 -1.29889e+06 -1.01948e+06
3128 279583 -1.29906e+06 -1.01948e+06
3129 279756 -1.29923e+06 -1.01948e+06
3130 279930 -1.29941e+06 -1.01948e+06
3131 280105 -1.29958e+06 -1.01948e+06
3132 280279 -1.29976e+06 -1.01948e+06
3133 280454 -1.29993e+06 -1.01948e+06
3134 280629 -1.30011e+06 -1.01948e+06
3135 280804 -1.30028e+06 -1.01948e+06
3136 280980 -1.30046e+06 -1.01948e+06
3137 281156 -1.30063e+06 -1.01948e+06
3138 281332 -1.30081e+06 -1.01948e+06
3139 281509 -1.30099e+06 -1.01948e+06
3140 281685 -1.30116e+06 -1.01948e+06
3141 281862 -1.30134e+06 -1.01948e+06
3142 282039 -1.30152e+06 -1.01948e+06
3143 282217 -1.3017e+06 -1.01948e+06
3144 282394 -1.30187e+06 -1.01948e+06
3145 282572 -1.30205e+06 -1.01948e+06
3146 282750 -1.30223e+06 -1.01948e+06
3147 282929 -1.30241e+06 -1.01948e+06
3148 283107 -1.30259e+06 -1.01948e+06
3149 283286 -1.30277e+06 -1.01948e+06
3150 283465 -1.30294e+06 -1.01948e+06
3151 283644 -1.30312e+06 -1.01948e+06
3152 283823 -1.3033e+06 -1.01948e+06
3153 284003 -1.30348e+06 -1.01948e+06
3154 284182 -1.30366e+06 -1.01948e+06
3155 284362 -1.30384e+06 -1.01948e+06
3156 284542 -1.30402e+06 -1.01948e+06
3157 284722 -1.3042e+06 -1.01948e+06
3158 284902 -1.30438e+06 -1.01948e+06
3159 285083 -1.30456e+06 -1.01948e+06
3160 285263 -1.30474e+06 -1.01948e+06
3161 285444 -1.30492e+06 -1.01948e+06
3162 285624 -1.3051e+06 -1.01948e+06
3163 285805 -1.30529e+06 -1.01948e+06
3164 285986 -1.30547e+06 -1.01948e+06
3165 286167 -1.30565e+06 -1.01948e+06
3166 286348 -1.30583e+06 -1.01948e+06
3167 286529 -1.30601e+06 -1.01948e+06
3168 286710 -1.30619e+06 -1.01948e+06
3169 286891 -1.30637e+06 -1.01948e+06
3170 287073 -1.30655e+06 -1.01948e+06
3171 287254 -1.30673e+06 -1.01948e+06
3172 287435 -1.30692e+06 -1.01948e+06
3173 287617 -1.3071e+06 -1.01948e+06
3174 287798 -1.30728e+06 -1.01948e+06
3175 287979 -1.30746e+06 -1.01948e+06
3176 288161 -1.30764e+06 -1.01948e+06
3177 288342 -1.30782e+06 -1.01948e+06
3178 288523 -1.308e+06 -1.01948e+06
3179 288705 -1.30819e+06 -1.01948e+06
3180 288886 -1.30837e+06 -1.01948e+06
3181 289067 -1.30855e+06 -1.01948e+06
3182 289248 -1.30873e+06 -1.01948e+06
3183 289430 -1.30891e+06 -1.01948e+06
3184 289611 -1.30909e+06 -1.01948e+06
3185 289792 -1.30927e+06 -1.01948e+06
3186 289973 -1.30945e+06 -1.01948e+06
3187 290154 -1.30963e+06 -1.01948e+06
3188 290335 -1.30982e+06 -1.01948e+06
3189 290516 -1.31e+06 -1.01948e+06
3190 290697 -1.31018e+06 -1.01948e+06
3191 290878 -1.31036e+06 -1.01948e+06
3192 291059 -1.31054e+06 -1.01948e+06
3193 291239 -1.31072e+06 -1.01948e+06
3194 291420 -1.3109e+06 -1.01948e+06
3195 291601 -1.31108e+06 -1.01948e+06
3196 291781 -1.31126e+06 -1.01948e+06
3197 291962 -1.31144e+06 -1.01948e+06
3198 292143 -1.31162e+06 -1.01948e+06
3199 292323 -1.3118e+06 -1.01948e+06
3200 292503 -1.31198e+06 -1.01948e+06
3201 292684 -1.31216e+06 -1.01948e+06
3202 292864 -1.31234e+06 -1.01948e+06
3203 293045 -1.31252e+06 -1.01948e+06
3204 293225 -1.31271e+06 -1.01948e+06
3205 293405 -1.31289e+06 -1.01948e+06
3206 293585 -1.31307e+06 -1.01948e+06
3207 293765 -1.31325e+06 -1.01948e+06
3208 293946 -1.31343e+06 -1.01948e+06
3209 294126 -1.31361e+06 -1.01948e+06
3210 294306 -1.31379e+06 -1.01948e+06
3211 294486 -1.31397e+06 -1.01948e+06
3212 294666 -1.31415e+06 -1.01948e+06
3213 294846 -1.31433e+06 -1.01948e+06
3214 295026 -1.31451e+06 -1.01948e+06
3215 295207 -1.31469e+06 -1.01948e+06
3216 295387 -1.31487e+06 -1.01948e+06
3217 295567 -1.31505e+06 -1.01948e+06
3218 295747 -1.31523e+06 -1.01948e+06
3219 295927 -1.31541e+06 -1.01948e+06
3220 296107 -1.31559e+06 -1.01948e+06
3221 296287 -1.31577e+06 -1.01948e+06
3222 296468 -1.31595e+06 -1.01948e+06
3223 296648 -1.31613e+06 -1.01948e+06
3224 296828 -1.31631e+06 -1.01948e+06
3225 297009 -1.31649e+06 -1.01948e+06
3226 297189 -1.31667e+06 -1.01948e+06
3227 297369 -1.31685e+06 -1.01948e+06
3228 297550 -1.31703e+06 -1.01948e+06
3229 297730 -1.31721e+06 -1.01948e+06
3230 297911 -1.31739e+06 -1.01948e+06
3231 298091 -1.31757e+06 -1.01948e+06
3232 298272 -1.31775e+06 -1.01948e+06
3233 298452 -1.31793e+06 -1.01948e+06
3234 298633 -1.31811e+06 -1.01948e+06
3235 298814 -1.31829e+06 -1.01948e+06
3236 298995 -1.31848e+06 -1.01948e+06
3237 299176 -1.31866e+06 -1.01948e+06
3238 299356 -1.31884e+06 -1.01948e+06
3239 299537 -1.31902e+06 -1.01948e+06
3240 299719 -1.3192e+06 -1.01948e+06
3241 299900 -1.31938e+06 -1.01948e+06
3242 300081 -1.31956e+06 -1.01948e+06
3243 300262 -1.31974e+06 -1.01948e+06
3244 300443 -1.31992e+06 -1.01948e+06
3245 300625 -1.32011e+06 -1.01948e+06
3246 300806 -1.32029e+06 -1.01948e+06
3247 300987 -1.32047e+06 -1.01948e+06
3248 301169 -1.32065e+06 -1.01948e+06
3249 301350 -1.32083e+06 -1.01948e+06
3250 301532 -1.32101e+06 -1.01948e+06
3251 301714 -1.32119e+06 -1.01948e+06
3252 301896 -1.32138e+06 -1.01948e+06
3253 302077 -1.32156e+06 -1.01948e+06
3254 302259 -1.32174e+06 -1.01948e+06
3255 302441 -1.32192e+06 -1.01948e+06
3256 302623 -1.3221e+06 -1.01948e+06
3257 302805 -1.32229e+06 -1.01948e+06
3258 302987 -1.32247e+06 -1.01948e+06
3259 303169 -1.32265e+06 -1.01948e+06
3260 303351 -1.32283e+06 -1.01948e+06
3261 303533 -1.32301e+06 -1.01948e+06
3262 303715 -1.3232e+06 -1.01948e+06
3263 303898 -1.32338e+06 -1.01948e+06
3264 304080 -1.32356e+06 -1.01948e+06
3265 304262 -1.32374e+06 -1.01948e+06
3266 304444 -1.32393e+06 -1.01948e+06
3267 304627 -1.32411e+06 -1.01948e+06
3268 304809 -1.32429e+06 -1.01948e+06
3269 304991 -1.32447e+06 -1.01948e+06
3270 305173 -1.32465e+06 -1.01948e+06
3271 305356 -1.32484e+06 -1.01948e+06
3272 305538 -1.32502e+06 -1.01948e+06
3273 305720 -1.3252e+06 -1.01948e+06
3274 305903 -1.32538e+06 -1.01948e+06
3275 306085 -1.32557e+06 -1.01948e+06
3276 306267 -1.32575e+06 -1.01948e+06
3277 306450 -1.32593e+06 -1.01948e+06
3278 306632 -1.32611e+06 -1.01948e+06
3279 306814 -1.3263e+06 -1.01948e+06
3280 306996 -1.32648e+06 -1.01948e+06
3281 307178 -1.32666e+06 -1.01948e+06
3282 307360 -1.32684e+06 -1.01948e+06
3283 307542 -1.32702e+06 -1.01948e+06
3284 307724 -1.32721e+06 -1.01948e+06
3285 307906 -1.32739e+06 -1.01948e+06
3286 308088 -1.32757e+06 -1.01948e+06
3287 308270 -1.32775e+06 -1.01948e+06
3288 308452 -1.32793e+06 -1.01948e+06
3289 308634 -1.32811e+06 -1.01948e+06
3290 308815 -1.3283e+06 -1.01948e+06
3291 308997 -1.32848e+06 -1.01948e+06
3292 309178 -1.32866e+06 -1.01948e+06
3293 309359 -1.32884e+06 -1.01948e+06
3294 309541 -1.32902e+06 -1.01948e+06
3295 309722 -1.3292e+06 -1.01948e+06
3296 309903 -1.32938e+06 -1.01948e+06
3297 310084 -1.32956e+06 -1.01948e+06
3298 310265 -1.32975e+06 -1.01948e+06
3299 310445 -1.32993e+06 -1.01948e+06
3300 310626 -1.33011e+06 -1.01948e+06
3301 310806 -1.33029e+06 -1.01948e+06
3302 310987 -1.33047e+06 -1.01948e+06
3303 311167 -1.33065e+06 -1.01948e+06
3304 311347 -1.33083e+06 -1.01948e+06
3305 311527 -1.33101e+06 -1.01948e+06
3306 311706 -1.33119e+06 -1.01948e+06
3307 311886 -1.33137e+06 -1.01948e+06
3308 312065 -1.33155e+06 -1.01948e+06
3309 312245 -1.33172e+06 -1.01948e+06
3310 312424 -1.3319e+06 -1.01948e+06
3311 312602 -1.33208e+06 -1.01948e+06
3312 312781 -1.33226e+06 -1.01948e+06
3313 312960 -1.33244e+06 -1.01948e+06
3314 313138 -1.33262e+06 -1.01948e+06
3315 313316 -1.3328e+06 -1.01948e+06
3316 313494 -1.33297e+06 -1.01948e+06
3317 313672 -1.33315e+06 -1.01948e+06
3318 313849 -1.33333e+06 -1.01948e+06
3319 314027 -1.33351e+06 -1.01948e+06
3320 314204 -1.33368e+06 -1.01948e+06
3321 314381 -1.33386e+06 -1.01948e+06
3322 314557 -1.33404e+06 -1.01948e+06
3323 314734 -1.33421e+06 -1.01948e+06
3324 314910 -1.33439e+06 -1.01948e+06
3325 315086 -1.33456e+06 -1.01948e+06
3326 315262 -1.33474e+06 -1.01948e+06
3327 315437 -1.33491e+06 -1.01948e+06
3328 315612 -1.33509e+06 -1.01948e+06
3329 315787 -1.33526e+06 -1.01948e+06
3330 315962 -1.33544e+06 -1.01948e+06
3331 316137 -1.33561e+06 -1.01948e+06
3332 316311 -1.33579e+06 -1.01948e+06
3333 316485 -1.33596e+06 -1.01948e+06
3334 316658 -1.33614e+06 -1.01948e+06
3335 316832 -1.33631e+06 -1.01948e+06
3336 317005 -1.33648e+06 -1.01948e+06
3337 317177 -1.33665e+06 -1.01948e+06
3338 317350 -1.33683e+06 -1.01948e+06
3339 317522 -1.337e+06 -1.01948e+06
3340 317694 -1.33717e+06 -1.01948e+06
3341 317866 -1.33734e+06 -1.01948e+06
3342 318037 -1.33751e+06 -1.01948e+06
3343 318208 -1.33768e+06 -1.01948e+06
3344 318379 -1.33785e+06 -1.01948e+06
3345 318549 -1.33802e+06 -1.01948e+06
3346 318719 -1.33819e+06 -1.01948e+06
3347 318889 -1.33836e+06 -1.01947e+06
3348 319059 -1.33853e+06 -1.01947e+06
3349 319228 -1.3387e+06 -1.01947e+06
3350 319397 -1.33887e+06 -1.01947e+06
3351 319565 -1.33904e+06 -1.01947e+06
3352 319734 -1.33921e+06 -1.01947e+06
3353 319902 -1.33938e+06 -1.01947e+06
3354 320069 -1.33954e+06 -1.01947e+06
3355 320237 -1.33971e+06 -1.01947e+06
3356 320404 -1.33988e+06 -1.01947e+06
3357 320571 -1.34004e+06 -1.01947e+06
3358 320738 -1.34021e+06 -1.01947e+06
3359 320904 -1.34038e+06 -1.01947e+06
3360 321070 -1.34054e+06 -1.01947e+06
3361 321236 -1.34071e+06 -1.01947e+06
3362 321401 -1.34087e+06 -1.01947e+06
3363 321567 -1.34104e+06 -1.01947e+06
3364 321732 -1.3412e+06 -1.01947e+06
3365 321897 -1.34137e+06 -1.01947e+06
3366 322061 -1.34153e+06 -1.01947e+06
3367 322226 -1.3417e+06 -1.01947e+06
3368 322390 -1.34186e+06 -1.01947e+06
3369 322554 -1.34203e+06 -1.01947e+06
3370 322718 -1.34219e+06 -1.01947e+06
3371 322881 -1.34235e+06 -1.01947e+06
3372 323045 -1.34252e+06 -1.01947e+06
3373 323208 -1.34268e+06 -1.01947e+06
3374 323371 -1.34284e+06 -1.01947e+06
3375 323534 -1.34301e+06 -1.01947e+06
3376 323697 -1.34317e+06 -1.01947e+06
3377 323860 -1.34333e+06 -1.01947e+06
3378 324022 -1.34349e+06 -1.01947e+06
3379 324185 -1.34366e+06 -1.01947e+06
3380 324347 -1.34382e+06 -1.01947e+06
3381 324509 -1.34398e+06 -1.01947e+06
3382 324672 -1.34414e+06 -1.01947e+06
3383 324834 -1.34431e+06 -1.01947e+06
3384 324996 -1.34447e+06 -1.01947e+06
3385 325158 -1.34463e+06 -1.01947e+06
3386 325320 -1.34479e+06 -1.01947e+06
3387 325482 -1.34495e+06 -1.01947e+06
3388 325644 -1.34512e+06 -1.01947e+06
3389 325806 -1.34528e+06 -1.01947e+06
3390 325968 -1.34544e+06 -1.01947e+06
3391 326130 -1.3456e+06 -1.01947e+06
3392 326292 -1.34576e+06 -1.01947e+06
3393 326454 -1.34593e+06 -1.01947e+06
3394 326616 -1.34609e+06 -1.01947e+06
3395 326779 -1.34625e+06 -1.01947e+06
3396 326941 -1.34641e+06 -1.01947e+06
3397 327103 -1.34657e+06 -1.01947e+06
3398 327265 -1.34674e+06 -1.01947e+06
3399 327428 -1.3469e+06 -1.01947e+06
3400 327590 -1.34706e+06 -1.01947e+06
3401 327753 -1.34722e+06 -1.01947e+06
3402 327915 -1.34739e+06 -1.01947e+06
3403 328078 -1.34755e+06 -1.01947e+06
3404 328241 -1.34771e+06 -1.01947e+06
3405 328404 -1.34788e+06 -1.01947e+06
3406 328567 -1.34804e+06 -1.01947e+06
3407 328730 -1.3482e+06 -1.01947e+06
3408 328893 -1.34836e+06 -1.01947e+06
3409 329056 -1.34853e+06 -1.01947e+06
3410 329220 -1.34869e+06 -1.01947e+06
3411 329383 -1.34886e+06 -1.01947e+06
3412 329547 -1.34902e+06 -1.01947e+06
3413 329711 -1.34918e+06 -1.01947e+06
3414 329874 -1.34935e+06 -1.01947e+06
3415 330038 -1.34951e+06 -1.01947e+06
3416 330202 -1.34967e+06 -1.01947e+06
3417 330367 -1.34984e+06 -1.01947e+06
3418 330531 -1.35e+06 -1.01947e+06
3419 330695 -1.35017e+06 -1.01947e+06
3420 330860 -1.35033e+06 -1.01947e+06
3421 331024 -1.3505e+06 -1.01947e+06
3422 331189 -1.35066e+06 -1.01947e+06
3423 331354 -1.35083e+06 -1.01947e+06
3424 331519 -1.35099e+06 -1.01947e+06
3425 331684 -1.35116e+06 -1.01947e+06
3426 331849 -1.35132e+06 -1.01947e+06
3427 332014 -1.35149e+06 -1.01947e+06
3428 332179 -1.35165e+06 -1.01947e+06
3429 332344 -1.35182e+06 -1.01947e+06
3430 332510 -1.35198e+06 -1.01947e+06
3431 332675 -1.35215e+06 -1.01947e+06
3432 332841 -1.35231e+06 -1.01947e+06
3433 333006 -1.35248e+06 -1.01947e+06
3434 333172 -1.35264e+06 -1.01947e+06
3435 333338 -1.35281e+06 -1.01947e+06
3436 333503 -1.35298e+06 -1.01947e+06
3437 333669 -1.35314e+06 -1.01947e+06
3438 333835 -1.35331e+06 -1.01947e+06
3439 334001 -1.35347e+06 -1.01947e+06
3440 334167 -1.35364e+06 -1.01947e+06
3441 334332 -1.35381e+06 -1.01947e+06
3442 334498 -1.35397e+06 -1.01947e+06
3443 334664 -1.35414e+06 -1.01947e+06
3444 334830 -1.3543e+06 -1.01947e+06
3445 334996 -1.35447e+06 -1.01947e+06
3446 335162 -1.35463e+06 -1.01947e+06
3447 335327 -1.3548e+06 -1.01947e+06
3448 335493 -1.35497e+06 -1.01947e+06
3449 335659 -1.35513e+06 -1.01947e+06
3450 335825 -1.3553e+06 -1.01947e+06
3451 335990 -1.35546e+06 -1.01947e+06
3452 336156 -1.35563e+06 -1.01947e+06
3453 336321 -1.35579e+06 -1.01947e+06
3454 336487 -1.35596e+06 -1.01947e+06
3455 336652 -1.35612e+06 -1.01947e+06
3456 336817 -1.35629e+06 -1.01947e+06
3457 336982 -1.35645e+06 -1.01947e+06
3458 337147 -1.35662e+06 -1.01947e+06
3459 337312 -1.35678e+06 -1.01947e+06
3460 337477 -1.35695e+06 -1.01947e+06
3461 337641 -1.35711e+06 -1.01947e+06
3462 337806 -1.35728e+06 -1.01947e+06
3463 337970 -1.35744e+06 -1.01947e+06
3464 338135 -1.35761e+06 -1.01947e+06
3465 338299 -1.35777e+06 -1.01947e+06
3466 338463 -1.35793e+06 -1.01947e+06
3467 338626 -1.3581e+06 -1.01947e+06
3468 338790 -1.35826e+06 -1.01947e+06
3469 338953 -1.35843e+06 -1.01947e+06
3470 339117 -1.35859e+06 -1.01947e+06
3471 339280 -1.35875e+06 -1.01947e+06
3472 339442 -1.35891e+06 -1.01947e+06
3473 339605 -1.35908e+06 -1.01947e+06
3474 339768 -1.35924e+06 -1.01947e+06
3475 339930 -1.3594e+06 -1.01947e+06
3476 340092 -1.35956e+06 -1.01947e+06
3477 340254 -1.35972e+06 -1.01947e+06
3478 340415 -1.35989e+06 -1.01947e+06
3479 340577 -1.36005e+06 -1.01947e+06
3480 340738 -1.36021e+06 -1.01947e+06
3481 340899 -1.36037e+06 -1.01947e+06
3482 341059 -1.36053e+06 -1.01947e+06
3483 341220 -1.36069e+06 -1.01947e+06
3484 341380 -1.36085e+06 -1.01947e+06
3485 341540 -1.36101e+06 -1.01947e+06
3486 341700 -1.36117e+06 -1.01947e+06
3487 341859 -1.36133e+06 -1.01947e+06
3488 342018 -1.36149e+06 -1.01947e+06
3489 342177 -1.36165e+06 -1.01947e+06
3490 342336 -1.36181e+06 -1.01947e+06
3491 342495 -1.36196e+06 -1.01947e+06
3492 342653 -1.36212e+06 -1.01947e+06
3493 342811 -1.36228e+06 -1.01947e+06
3494 342969 -1.36244e+06 -1.01947e+06
3495 343126 -1.3626e+06 -1.01947e+06
3496 343284 -1.36275e+06 -1.01947e+06
3497 343441 -1.36291e+06 -1.01947e+06
3498 343598 -1.36307e+06 -1.01947e+06
3499 343754 -1.36322e+06 -1.01947e+06
3500 343911 -1.36338e+06 -1.01947e+06
3501 344067 -1.36354e+06 -1.01947e+06
3502 344223 -1.36369e+06 -1.01947e+06
3503 344379 -1.36385e+06 -1.01947e+06
3504 344534 -1.364e+06 -1.01947e+06
3505 344689 -1.36416e+06 -1.01947e+06
3506 344845 -1.36431e+06 -1.01947e+06
3507 345000 -1.36447e+06 -1.01947e+06
3508 345154 -1.36462e+06 -1.01947e+06
3509 345309 -1.36478e+06 -1.01947e+06
3510 345463 -1.36493e+06 -1.01947e+06
3511 345618 -1.36508e+06 -1.01947e+06
3512 345772 -1.36524e+06 -1.01947e+06
3513 345926 -1.36539e+06 -1.01947e+06
3514 346080 -1.36555e+06 -1.01947e+06
3515 346233 -1.3657e+06 -1.01947e+06
3516 346387 -1.36585e+06 -1.01947e+06
3517 346541 -1.36601e+06 -1.01947e+06
3518 346694 -1.36616e+06 -1.01947e+06
3519 346847 -1.36631e+06 -1.01947e+06
3520 347001 -1.36647e+06 -1.01947e+06
3521 347154 -1.36662e+06 -1.01947e+06
3522 347307 -1.36677e+06 -1.01947e+06
3523 347460 -1.36693e+06 -1.01947e+06
3524 347613 -1.36708e+06 -1.01947e+06
3525 347767 -1.36723e+06 -1.01947e+06
3526 347920 -1.36739e+06 -1.01947e+06
3527 348073 -1.36754e+06 -1.01947e+06
3528 348226 -1.36769e+06 -1.01947e+06
3529 348379 -1.36785e+06 -1.01947e+06
3530 348532 -1.368e+06 -1.01947e+06
3531 348686 -1.36815e+06 -1.01947e+06
3532 348839 -1.36831e+06 -1.01947e+06
3533 348992 -1.36846e+06 -1.01947e+06
3534 349146 -1.36861e+06 -1.01947e+06
3535 349300 -1.36877e+06 -1.01947e+06
3536 349453 -1.36892e+06 -1.01947e+06
3537 349607 -1.36907e+06 -1.01947e+06
3538 349761 -1.36923e+06 -1.01947e+06
3539 349915 -1.36938e+06 -1.01947e+06
3540 350070 -1.36954e+06 -1.01947e+06
3541 350224 -1.36969e+06 -1.01947e+06
3542 350379 -1.36985e+06 -1.01947e+06
3543 350534 -1.37e+06 -1.01947e+06
3544 350689 -1.37016e+06 -1.01947e+06
3545 350844 -1.37031e+06 -1.01947e+06
3546 350999 -1.37047e+06 -1.01947e+06
3547 351155 -1.37062e+06 -1.01947e+06
3548 351311 -1.37078e+06 -1.01947e+06
3549 351467 -1.37093e+06 -1.01947e+06
3550 351623 -1.37109e+06 -1.01947e+06
3551 351779 -1.37125e+06 -1.01947e+06
3552 351936 -1.3714e+06 -1.01947e+06
3553 352093 -1.37156e+06 -1.01947e+06
3554 352250 -1.37172e+06 -1.01947e+06
3555 352408 -1.37188e+06 -1.01947e+06
3556 352566 -1.37203e+06 -1.01947e+06
3557 352724 -1.37219e+06 -1.01947e+06
3558 352882 -1.37235e+06 -1.01947e+06
3559 353040 -1.37251e+06 -1.01947e+06
3560 353199 -1.37267e+06 -1.01947e+06
3561 353358 -1.37283e+06 -1.01947e+06
3562 353517 -1.37299e+06 -1.01947e+06
3563 353677 -1.37315e+06 -1.01947e+06
3564 353836 -1.37331e+06 -1.01947e+06
3565 353996 -1.37347e+06 -1.01947e+06
3566 354157 -1.37363e+06 -1.01947e+06
3567 354317 -1.37379e+06 -1.01947e+06
3568 354478 -1.37395e+06 -1.01947e+06
3569 354639 -1.37411e+06 -1.01947e+06
3570 354800 -1.37427e+06 -1.01947e+06
3571 354961 -1.37443e+06 -1.01947e+06
3572 355123 -1.37459e+06 -1.01947e+06
3573 355285 -1.37476e+06 -1.01947e+06
3574 355447 -1.37492e+06 -1.01947e+06
3575 355609 -1.37508e+06 -1.01947e+06
3576 355772 -1.37524e+06 -1.01947e+06
3577 355934 -1.37541e+06 -1.01947e+06
3578 356097 -1.37557e+06 -1.01947e+06
3579 356260 -1.37573e+06 -1.01947e+06
3580 356423 -1.37589e+06 -1.01947e+06
3581 356586 -1.37606e+06 -1.01947e+06
3582 356750 -1.37622e+06 -1.01947e+06
3583 356914 -1.37639e+06 -1.01947e+06
3584 357077 -1.37655e+06 -1.01947e+06
3585 357241 -1.37671e+06 -1.01947e+06
3586 357405 -1.37688e+06 -1.01947e+06
3587 357569 -1.37704e+06 -1.01947e+06
3588 357733 -1.37721e+06 -1.01947e+06
3589 357898 -1.37737e+06 -1.01947e+06
3590 358062 -1.37753e+06 -1.01947e+06
3591 358227 -1.3777e+06 -1.01947e+06
3592 358391 -1.37786e+06 -1.01947e+06
3593 358556 -1.37803e+06 -1.01947e+06
3594 358720 -1.37819e+06 -1.01947e+06
3595 358885 -1.37836e+06 -1.01947e+06
3596 359050 -1.37852e+06 -1.01947e+06
3597 359215 -1.37869e+06 -1.01947e+06
3598 359380 -1.37885e+06 -1.01947e+06
3599 359544 -1.37902e+06 -1.01947e+06
3600 359709 -1.37918e+06 -1.01947e+06
3601 359874 -1.37935e+06 -1.01947e+06
3602 360039 -1.37951e+06 -1.01947e+06
3603 360204 -1.37968e+06 -1.01947e+06
3604 360369 -1.37984e+06 -1.01947e+06
3605 360534 -1.38001e+06 -1.01947e+06
3606 360699 -1.38017e+06 -1.01947e+06
3607 360864 -1.38034e+06 -1.01947e+06
3608 361028 -1.3805e+06 -1.01947e+06
3609 361193 -1.38067e+06 -1.01947e+06
3610 361358 -1.38083e+06 -1.01947e+06
3611 361523 -1.381e+06 -1.01947e+06
3612 361688 -1.38116e+06 -1.01947e+06
3613 361853 -1.38133e+06 -1.01947e+06
3614 362018 -1.38149e+06 -1.01947e+06
3615 362182 -1.38165e+06 -1.01947e+06
3616 362347 -1.38182e+06 -1.01947e+06
3617 362512 -1.38198e+06 -1.01947e+06
3618 362677 -1.38215e+06 -1.01947e+06
3619 362842 -1.38231e+06 -1.01947e+06
3620 363006 -1.38248e+06 -1.01947e+06
3621 363171 -1.38264e+06 -1.01947e+06
3622 363336 -1.38281e+06 -1.01947e+06
3623 363501 -1.38297e+06 -1.01947e+06
3624 363666 -1.38314e+06 -1.01947e+06
3625 363830 -1.3833e+06 -1.01947e+06
3626 363995 -1.38347e+06 -1.01947e+06
3627 364160 -1.38363e+06 -1.01947e+06
3628 364325 -1.3838e+06 -1.01947e+06
3629 364490 -1.38396e+06 -1.01947e+06
3630 364655 -1.38413e+06 -1.01947e+06
3631 364820 -1.38429e+06 -1.01947e+06
3632 364986 -1.38446e+06 -1.01947e+06
3633 365151 -1.38462e+06 -1.01947e+06
3634 365316 -1.38479e+06 -1.01947e+06
3635 365482 -1.38495e+06 -1.01947e+06
3636 365647 -1.38512e+06 -1.01947e+06
3637 365813 -1.38529e+06 -1.01947e+06
3638 365979 -1.38545e+06 -1.01947e+06
3639 366145 -1.38562e+06 -1.01947e+06
3640 366311 -1.38578e+06 -1.01947e+06
3641 366477 -1.38595e+06 -1.01947e+06
3642 366643 -1.38612e+06 -1.01947e+06
3643 366809 -1.38628e+06 -1.01947e+06
3644 366976 -1.38645e+06 -1.01947e+06
3645 367143 -1.38662e+06 -1.01947e+06
3646 367310 -1.38678e+06 -1.01947e+06
3647 367477 -1.38695e+06 -1.01947e+06
3648 367644 -1.38712e+06 -1.01947e+06
3649 367812 -1.38729e+06 -1.01947e+06
3650 367979 -1.38745e+06 -1.01947e+06
3651 368147 -1.38762e+06 -1.01947e+06
3652 368315 -1.38779e+06 -1.01947e+06
3653 368484 -1.38796e+06 -1.01947e+06
3654 368652 -1.38813e+06 -1.01947e+06
3655 368821 -1.3883e+06 -1.01947e+06
3656 368990 -1.38846e+06 -1.01947e+06
3657 369159 -1.38863e+06 -1.01947e+06
3658 369329 -1.3888e+06 -1.01948e+06
3659 369499 -1.38897e+06 -1.01948e+06
3660 369669 -1.38914e+06 -1.01948e+06
3661 369839 -1.38931e+06 -1.01948e+06
3662 370010 -1.38949e+06 -1.01948e+06
3663 370181 -1.38966e+06 -1.01948e+06
3664 370352 -1.38983e+06 -1.01948e+06
3665 370523 -1.39e+06 -1.01948e+06
3666 370695 -1.39017e+06 -1.01948e+06
3667 370867 -1.39034e+06 -1.01948e+06
3668 371039 -1.39052e+06 -1.01948e+06
3669 371212 -1.39069e+06 -1.01948e+06
3670 371385 -1.39086e+06 -1.01948e+06
3671 371558 -1.39104e+06 -1.01948e+06
3672 371732 -1.39121e+06 -1.01948e+06
3673 371906 -1.39138e+06 -1.01948e+06
3674 372080 -1.39156e+06 -1.01948e+06
3675 372254 -1.39173e+06 -1.01948e+06
3676 372429 -1.39191e+06 -1.01948e+06
3677 372604 -1.39208e+06 -1.01948e+06
3678 372780 -1.39226e+06 -1.01948e+06
3679 372956 -1.39243e+06 -1.01948e+06
3680 373132 -1.39261e+06 -1.01948e+06
3681 373309 -1.39279e+06 -1.01948e+06
3682 373485 -1.39296e+06 -1.01948e+06
3683 373663 -1.39314e+06 -1.01948e+06
3684 373840 -1.39332e+06 -1.01948e+06
3685 374018 -1.3935e+06 -1.01948e+06
3686 374197 -1.39368e+06 -1.01948e+06
3687 374375 -1.39386e+06 -1.01948e+06
3688 374554 -1.39403e+06 -1.01948e+06
3689 374734 -1.39421e+06 -1.01948e+06
3690 374914 -1.39439e+06 -1.01948e+06
3691 375094 -1.39457e+06 -1.01948e+06
3692 375274 -1.39476e+06 -1.01948e+06
3693 375455 -1.39494e+06 -1.01948e+06
3694 375637 -1.39512e+06 -1.01948e+06
3695 375819 -1.3953e+06 -1.01948e+06
3696 376001 -1.39548e+06 -1.01948e+06
3697 376183 -1.39566e+06 -1.01948e+06
3698 376366 -1.39585e+06 -1.01948e+06
3699 376549 -1.39603e+06 -1.01948e+06
3700 376733 -1.39622e+06 -1.01948e+06
3701 376917 -1.3964e+06 -1.01948e+06
3702 377102 -1.39658e+06 -1.01948e+06
3703 377287 -1.39677e+06 -1.01948e+06
3704 377472 -1.39696e+06 -1.01948e+06
3705 377658 -1.39714e+06 -1.01948e+06
3706 377844 -1.39733e+06 -1.01948e+06
3707 378031 -1.39751e+06 -1.01948e+06
3708 378218 -1.3977e+06 -1.01948e+06
3709 378406 -1.39789e+06 -1.01948e+06
3710 378594 -1.39808e+06 -1.01948e+06
3711 378782 -1.39827e+06 -1.01948e+06
3712 378971 -1.39846e+06 -1.01948e+06
3713 379160 -1.39865e+06 -1.01948e+06
3714 379350 -1.39884e+06 -1.01949e+06
3715 379540 -1.39903e+06 -1.01949e+06
3716 379731 -1.39922e+06 -1.01949e+06
3717 379922 -1.39941e+06 -1.01949e+06
3718 380113 -1.3996e+06 -1.01949e+06
3719 380305 -1.39979e+06 -1.01949e+06
3720 380498 -1.39998e+06 -1.01949e+06
3721 380691 -1.40018e+06 -1.01949e+06
3722 380884 -1.40037e+06 -1.01949e+06
3723 381078 -1.40057e+06 -1.01949e+06
3724 381272 -1.40076e+06 -1.01949e+06
3725 381467 -1.40095e+06 -1.01949e+06
3726 381662 -1.40115e+06 -1.01949e+06
3727 381858 -1.40135e+06 -1.01949e+06
3728 382055 -1.40154e+06 -1.01949e+06
3729 382251 -1.40174e+06 -1.01949e+06
3730 382449 -1.40194e+06 -1.01949e+06
3731 382646 -1.40214e+06 -1.01949e+06
3732 382845 -1.40233e+06 -1.01949e+06
3733 383043 -1.40253e+06 -1.01949e+06
3734 383243 -1.40273e+06 -1.01949e+06
3735 383442 -1.40293e+06 -1.01949e+06
3736 383643 -1.40313e+06 -1.01949e+06
3737 383843 -1.40333e+06 -1.01949e+06
3738 384045 -1.40354e+06 -1.01949e+06
3739 384247 -1.40374e+06 -1.01949e+06
3740 384449 -1.40394e+06 -1.01949e+06
3741 384652 -1.40414e+06 -1.01949e+06
3742 384855 -1.40435e+06 -1.01949e+06
3743 385059 -1.40455e+06 -1.01949e+06
3744 385263 -1.40476e+06 -1.01949e+06
3745 385468 -1.40496e+06 -1.01949e+06
3746 385674 -1.40517e+06 -1.01949e+06
3747 385880 -1.40537e+06 -1.01949e+06
3748 386086 -1.40558e+06 -1.01949e+06
3749 386293 -1.40579e+06 -1.01949e+06
3750 386501 -1.40599e+06 -1.01949e+06
3751 386709 -1.4062e+06 -1.01949e+06
3752 386918 -1.40641e+06 -1.01949e+06
3753 387127 -1.40662e+06 -1.01949e+06
3754 387336 -1.40683e+06 -1.0195e+06
3755 387547 -1.40704e+06 -1.0195e+06
3756 387758 -1.40725e+06 -1.0195e+06
3757 387969 -1.40747e+06 -1.0195e+06
3758 388181 -1.40768e+06 -1.0195e+06
3759 388393 -1.40789e+06 -1.0195e+06
3760 388606 -1.4081e+06 -1.0195e+06
3761 388820 -1.40832e+06 -1.0195e+06
3762 389034 -1.40853e+06 -1.0195e+06
3763 389249 -1.40875e+06 -1.0195e+06
3764 389464 -1.40896e+06 -1.0195e+06
3765 389680 -1.40918e+06 -1.0195e+06
3766 389896 -1.4094e+06 -1.0195e+06
3767 390113 -1.40961e+06 -1.0195e+06
3768 390331 -1.40983e+06 -1.0195e+06
3769 390549 -1.41005e+06 -1.0195e+06
3770 390768 -1.41027e+06 -1.0195e+06
3771 390987 -1.41049e+06 -1.0195e+06
3772 391207 -1.41071e+06 -1.0195e+06
3773 391427 -1.41093e+06 -1.0195e+06
3774 391648 -1.41115e+06 -1.0195e+06
3775 391870 -1.41137e+06 -1.0195e+06
3776 392092 -1.41159e+06 -1.0195e+06
3777 392315 -1.41182e+06 -1.0195e+06
3778 392538 -1.41204e+06 -1.0195e+06
3779 392762 -1.41226e+06 -1.0195e+06
3780 392987 -1.41249e+06 -1.0195e+06
3781 393212 -1.41272e+06 -1.0195e+06
3782 393438 -1.41294e+06 -1.0195e+06
3783 393664 -1.41317e+06 -1.0195e+06
3784 393891 -1.41339e+06 -1.0195e+06
3785 394118 -1.41362e+06 -1.0195e+06
3786 394347 -1.41385e+06 -1.0195e+06
3787 394575 -1.41408e+06 -1.0195e+06
3788 394805 -1.41431e+06 -1.01951e+06
3789 395034 -1.41454e+06 -1.01951e+06
3790 395265 -1.41477e+06 -1.01951e+06
3791 395496 -1.415e+06 -1.01951e+06
3792 395728 -1.41523e+06 -1.01951e+06
3793 395960 -1.41547e+06 -1.01951e+06
3794 396193 -1.4157e+06 -1.01951e+06
3795 396426 -1.41593e+06 -1.01951e+06
3796 396660 -1.41617e+06 -1.01951e+06
3797 396895 -1.4164e+06 -1.01951e+06
3798 397130 -1.41664e+06 -1.01951e+06
3799 397366 -1.41687e+06 -1.01951e+06
3800 397602 -1.41711e+06 -1.01951e+06
3801 397839 -1.41735e+06 -1.01951e+06
3802 398076 -1.41759e+06 -1.01951e+06
3803 398315 -1.41782e+06 -1.01951e+06
3804 398553 -1.41806e+06 -1.01951e+06
3805 398792 -1.4183e+06 -1.01951e+06
3806 399032 -1.41854e+06 -1.01951e+06
3807 399272 -1.41878e+06 -1.01951e+06
3808 399513 -1.41902e+06 -1.01951e+06
3809 399755 -1.41927e+06 -1.01951e+06
3810 399997 -1.41951e+06 -1.01951e+06
3811 400239 -1.41975e+06 -1.01951e+06
3812 400482 -1.41999e+06 -1.01951e+06
3813 400726 -1.42024e+06 -1.01951e+06
3814 400970 -1.42048e+06 -1.01951e+06
3815 401214 -1.42073e+06 -1.01951e+06
3816 401460 -1.42097e+06 -1.01951e+06
3817 401705 -1.42122e+06 -1.01951e+06
3818 401951 -1.42146e+06 -1.01951e+06
3819 402198 -1.42171e+06 -1.01951e+06
3820 402445 -1.42196e+06 -1.01951e+06
3821 402693 -1.42221e+06 -1.01951e+06
3822 402941 -1.42246e+06 -1.01951e+06
3823 403189 -1.4227e+06 -1.01951e+06
3824 403438 -1.42295e+06 -1.01951e+06
3825 403688 -1.4232e+06 -1.01952e+06
3826 403938 -1.42345e+06 -1.01952e+06
3827 404188 -1.4237e+06 -1.01952e+06
3828 404439 -1.42395e+06 -1.01952e+06
3829 404690 -1.42421e+06 -1.01952e+06
3830 404941 -1.42446e+06 -1.01952e+06
3831 405193 -1.42471e+06 -1.01952e+06
3832 405446 -1.42496e+06 -1.01952e+06
3833 405698 -1.42522e+06 -1.01952e+06
3834 405952 -1.42547e+06 -1.01952e+06
3835 406205 -1.42572e+06 -1.01952e+06
3836 406459 -1.42598e+06 -1.01952e+06
3837 406713 -1.42623e+06 -1.01952e+06
3838 406968 -1.42649e+06 -1.01952e+06
3839 407222 -1.42674e+06 -1.01952e+06
3840 407477 -1.427e+06 -1.01952e+06
3841 407733 -1.42725e+06 -1.01952e+06
3842 407989 -1.42751e+06 -1.01952e+06
3843 408245 -1.42776e+06 -1.01952e+06
3844 408501 -1.42802e+06 -1.01952e+06
3845 408757 -1.42828e+06 -1.01952e+06
3846 409014 -1.42853e+06 -1.01952e+06
3847 409271 -1.42879e+06 -1.01952e+06
3848 409528 -1.42905e+06 -1.01952e+06
3849 409786 -1.4293e+06 -1.01952e+06
3850 410043 -1.42956e+06 -1.01952e+06
3851 410301 -1.42982e+06 -1.01952e+06
3852 410559 -1.43008e+06 -1.01952e+06
3853 410817 -1.43034e+06 -1.01952e+06
3854 411075 -1.43059e+06 -1.01952e+06
3855 411334 -1.43085e+06 -1.01952e+06
3856 411592 -1.43111e+06 -1.01952e+06
3857 411851 -1.43137e+06 -1.01952e+06
3858 412110 -1.43163e+06 -1.01952e+06
3859 412368 -1.43189e+06 -1.01952e+06
3860 412627 -1.43215e+06 -1.01952e+06
3861 412886 -1.43241e+06 -1.01952e+06
3862 413145 -1.43266e+06 -1.01952e+06
3863 413404 -1.43292e+06 -1.01952e+06
3864 413663 -1.43318e+06 -1.01952e+06
3865 413922 -1.43344e+06 -1.01952e+06
3866 414181 -1.4337e+06 -1.01952e+06
3867 414440 -1.43396e+06 -1.01952e+06
3868 414699 -1.43422e+06 -1.01952e+06
3869 414957 -1.43448e+06 -1.01952e+06
3870 415216 -1.43474e+06 -1.01952e+06
3871 415475 -1.43499e+06 -1.01952e+06
3872 415733 -1.43525e+06 -1.01952e+06
3873 415992 -1.43551e+06 -1.01952e+06
3874 416250 -1.43577e+06 -1.01952e+06
3875 416509 -1.43603e+06 -1.01952e+06
3876 416767 -1.43629e+06 -1.01952e+06
3877 417025 -1.43654e+06 -1.01952e+06
3878 417283 -1.4368e+06 -1.01952e+06
3879 417540 -1.43706e+06 -1.01952e+06
3880 417798 -1.43732e+06 -1.01952e+06
3881 418055 -1.43757e+06 -1.01952e+06
3882 418312 -1.43783e+06 -1.01952e+06
3883 418569 -1.43809e+06 -1.01952e+06
3884 418826 -1.43834e+06 -1.01952e+06
3885 419082 -1.4386e+06 -1.01952e+06
3886 419338 -1.43886e+06 -1.01952e+06
3887 419594 -1.43911e+06 -1.01952e+06
3888 419850 -1.43937e+06 -1.01952e+06
3889 420106 -1.43962e+06 -1.01952e+06
3890 420361 -1.43988e+06 -1.01952e+06
3891 420616 -1.44013e+06 -1.01952e+06
3892 420870 -1.44039e+06 -1.01952e+06
3893 421125 -1.44064e+06 -1.01952e+06
3894 421379 -1.4409e+06 -1.01952e+06
3895 421633 -1.44115e+06 -1.01952e+06
3896 421886 -1.4414e+06 -1.01952e+06
3897 422139 -1.44166e+06 -1.01952e+06
3898 422392 -1.44191e+06 -1.01952e+06
3899 422645 -1.44216e+06 -1.01952e+06
3900 422897 -1.44241e+06 -1.01952e+06
3901 423149 -1.44266e+06 -1.01952e+06
3902 423400 -1.44292e+06 -1.01952e+06
3903 423652 -1.44317e+06 -1.01952e+06
3904 423903 -1.44342e+06 -1.01952e+06
3905 424153 -1.44367e+06 -1.01952e+06
3906 424403 -1.44392e+06 -1.01952e+06
3907 424653 -1.44417e+06 -1.01951e+06
3908 424903 -1.44442e+06 -1.01951e+06
3909 425152 -1.44467e+06 -1.01951e+06
3910 425401 -1.44492e+06 -1.01951e+06
3911 425649 -1.44516e+06 -1.01951e+06
3912 425897 -1.44541e+06 -1.01951e+06
3913 426145 -1.44566e+06 -1.01951e+06
3914 426393 -1.44591e+06 -1.01951e+06
3915 426640 -1.44615e+06 -1.01951e+06
3916 426886 -1.4464e+06 -1.01951e+06
3917 427133 -1.44665e+06 -1.01951e+06
3918 427378 -1.44689e+06 -1.01951e+06
3919 427624 -1.44714e+06 -1.01951e+06
3920 427869 -1.44738e+06 -1.01951e+06
3921 428114 -1.44763e+06 -1.01951e+06
3922 428358 -1.44787e+06 -1.01951e+06
3923 428602 -1.44811e+06 -1.01951e+06
3924 428846 -1.44836e+06 -1.01951e+06
3925 429089 -1.4486e+06 -1.01951e+06
3926 429331 -1.44884e+06 -1.01951e+06
3927 429574 -1.44908e+06 -1.01951e+06
3928 429815 -1.44933e+06 -1.01951e+06
3929 430057 -1.44957e+06 -1.01951e+06
3930 430298 -1.44981e+06 -1.01951e+06
3931 430538 -1.45005e+06 -1.01951e+06
3932 430778 -1.45029e+06 -1.01951e+06
3933 431018 -1.45053e+06 -1.01951e+06
3934 431257 -1.45077e+06 -1.01951e+06
3935 431495 -1.451e+06 -1.01951e+06
3936 431733 -1.45124e+06 -1.01951e+06
3937 431970 -1.45148e+06 -1.01951e+06
3938 432207 -1.45172e+06 -1.01951e+06
3939 432444 -1.45195e+06 -1.01951e+06
3940 432679 -1.45219e+06 -1.01951e+06
3941 432914 -1.45242e+06 -1.01951e+06
3942 433149 -1.45266e+06 -1.01951e+06
3943 433383 -1.45289e+06 -1.01951e+06
3944 433616 -1.45312e+06 -1.01951e+06
3945 433849 -1.45336e+06 -1.01951e+06
3946 434081 -1.45359e+06 -1.01951e+06
3947 434313 -1.45382e+06 -1.01951e+06
3948 434543 -1.45405e+06 -1.01951e+06
3949 434773 -1.45428e+06 -1.0195e+06
3950 435003 -1.45451e+06 -1.0195e+06
3951 435232 -1.45474e+06 -1.0195e+06
3952 435460 -1.45496e+06 -1.0195e+06
3953 435687 -1.45519e+06 -1.0195e+06
3954 435914 -1.45542e+06 -1.0195e+06
3955 436140 -1.45564e+06 -1.0195e+06
3956 436365 -1.45587e+06 -1.0195e+06
3957 436590 -1.45609e+06 -1.0195e+06
3958 436814 -1.45632e+06 -1.0195e+06
3959 437037 -1.45654e+06 -1.0195e+06
3960 437260 -1.45676e+06 -1.0195e+06
3961 437482 -1.45698e+06 -1.0195e+06
3962 437703 -1.4572e+06 -1.0195e+06
3963 437924 -1.45742e+06 -1.0195e+06
3964 438144 -1.45764e+06 -1.0195e+06
3965 438363 -1.45786e+06 -1.0195e+06
3966 438582 -1.45808e+06 -1.0195e+06
3967 438801 -1.4583e+06 -1.0195e+06
3968 439019 -1.45852e+06 -1.0195e+06
3969 439236 -1.45873e+06 -1.0195e+06
3970 439453 -1.45895e+06 -1.0195e+06
3971 439669 -1.45917e+06 -1.0195e+06
3972 439885 -1.45938e+06 -1.0195e+06
3973 440101 -1.4596e+06 -1.0195e+06
3974 440316 -1.45981e+06 -1.0195e+06
3975 440530 -1.46003e+06 -1.0195e+06
3976 440745 -1.46024e+06 -1.0195e+06
3977 440959 -1.46046e+06 -1.0195e+06
3978 441173 -1.46067e+06 -1.0195e+06
3979 441386 -1.46088e+06 -1.0195e+06
3980 441599 -1.4611e+06 -1.0195e+06
3981 441812 -1.46131e+06 -1.0195e+06
3982 442025 -1.46152e+06 -1.0195e+06
3983 442238 -1.46173e+06 -1.0195e+06
3984 442450 -1.46195e+06 -1.0195e+06
3985 442663 -1.46216e+06 -1.0195e+06
3986 442875 -1.46237e+06 -1.0195e+06
3987 443087 -1.46258e+06 -1.0195e+06
3988 443299 -1.4628e+06 -1.0195e+06
3989 443512 -1.46301e+06 -1.0195e+06
3990 443724 -1.46322e+06 -1.0195e+06
3991 443936 -1.46343e+06 -1.0195e+06
3992 444148 -1.46364e+06 -1.0195e+06
3993 444360 -1.46386e+06 -1.0195e+06
3994 444573 -1.46407e+06 -1.0195e+06
3995 444785 -1.46428e+06 -1.0195e+06
3996 444997 -1.46449e+06 -1.0195e+06
3997 445210 -1.46471e+06 -1.0195e+06
3998 445422 -1.46492e+06 -1.0195e+06
3999 445635 -1.46513e+06 -1.0195e+06
4000 445848 -1.46534e+06 -1.0195e+06
4001 446061 -1.46556e+06 -1.0195e+06
4002 446275 -1.46577e+06 -1.0195e+06
4003 446488 -1.46598e+06 -1.0195e+06
4004 446702 -1.4662e+06 -1.0195e+06
4005 446915 -1.46641e+06 -1.0195e+06
4006 447129 -1.46663e+06 -1.0195e+06
4007 447344 -1.46684e+06 -1.0195e+06
4008 447558 -1.46706e+06 -1.0195e+06
4009 447773 -1.46727e+06 -1.0195e+06
4010 447988 -1.46749e+06 -1.0195e+06
4011 448203 -1.4677e+06 -1.0195e+06
4012 448418 -1.46792e+06 -1.0195e+06
4013 448634 -1.46813e+06 -1.0195e+06
4014 448850 -1.46835e+06 -1.0195e+06
4015 449066 -1.46856e+06 -1.0195e+06
4016 449282 -1.46878e+06 -1.0195e+06
4017 449499 -1.469e+06 -1.0195e+06
4018 449716 -1.46921e+06 -1.0195e+06
4019 449933 -1.46943e+06 -1.0195e+06
4020 450151 -1.46965e+06 -1.0195e+06
4021 450369 -1.46987e+06 -1.0195e+06
4022 450587 -1.47009e+06 -1.0195e+06
4023 450805 -1.4703e+06 -1.0195e+06
4024 451024 -1.47052e+06 -1.0195e+06
4025 451243 -1.47074e+06 -1.0195e+06
4026 451462 -1.47096e+06 -1.0195e+06
4027 451682 -1.47118e+06 -1.0195e+06
4028 451901 -1.4714e+06 -1.0195e+06
4029 452122 -1.47162e+06 -1.0195e+06
4030 452342 -1.47184e+06 -1.0195e+06
4031 452563 -1.47206e+06 -1.0195e+06
4032 452784 -1.47228e+06 -1.0195e+06
4033 453005 -1.47251e+06 -1.0195e+06
4034 453227 -1.47273e+06 -1.0195e+06
4035 453449 -1.47295e+06 -1.0195e+06
4036 453671 -1.47317e+06 -1.0195e+06
4037 453893 -1.4734e+06 -1.0195e+06
4038 454116 -1.47362e+06 -1.0195e+06
4039 454339 -1.47384e+06 -1.0195e+06
4040 454563 -1.47406e+06 -1.0195e+06
4041 454786 -1.47429e+06 -1.0195e+06
4042 455010 -1.47451e+06 -1.0195e+06
4043 455235 -1.47474e+06 -1.0195e+06
4044 455459 -1.47496e+06 -1.0195e+06
4045 455684 -1.47519e+06 -1.0195e+06
4046 455909 -1.47541e+06 -1.0195e+06
4047 456134 -1.47564e+06 -1.0195e+06
4048 456360 -1.47586e+06 -1.0195e+06
4049 456586 -1.47609e+06 -1.0195e+06
4050 456812 -1.47632e+06 -1.0195e+06
4051 457038 -1.47654e+06 -1.0195e+06
4052 457265 -1.47677e+06 -1.0195e+06
4053 457492 -1.477e+06 -1.0195e+06
4054 457719 -1.47722e+06 -1.0195e+06
4055 457947 -1.47745e+06 -1.0195e+06
4056 458174 -1.47768e+06 -1.0195e+06
4057 458402 -1.47791e+06 -1.0195e+06
4058 458630 -1.47813e+06 -1.0195e+06
4059 458859 -1.47836e+06 -1.0195e+06
4060 459087 -1.47859e+06 -1.0195e+06
4061 459316 -1.47882e+06 -1.0195e+06
4062 459545 -1.47905e+06 -1.0195e+06
4063 459774 -1.47928e+06 -1.0195e+06
4064 460004 -1.47951e+06 -1.0195e+06
4065 460233 -1.47974e+06 -1.01951e+06
4066 460463 -1.47997e+06 -1.01951e+06
4067 460693 -1.4802e+06 -1.01951e+06
4068 460923 -1.48043e+06 -1.01951e+06
4069 461154 -1.48066e+06 -1.01951e+06
4070 461384 -1.48089e+06 -1.01951e+06
4071 461615 -1.48112e+06 -1.01951e+06
4072 461846 -1.48135e+06 -1.01951e+06
4073 462078 -1.48158e+06 -1.01951e+06
4074 462309 -1.48182e+06 -1.01951e+06
4075 462541 -1.48205e+06 -1.01951e+06
4076 462773 -1.48228e+06 -1.01951e+06
4077 463005 -1.48251e+06 -1.01951e+06
4078 463237 -1.48274e+06 -1.01951e+06
4079 463470 -1.48298e+06 -1.01951e+06
4080 463702 -1.48321e+06 -1.01951e+06
4081 463935 -1.48344e+06 -1.01951e+06
4082 464169 -1.48368e+06 -1.01951e+06
4083 464402 -1.48391e+06 -1.01951e+06
4084 464636 -1.48414e+06 -1.01951e+06
4085 464870 -1.48438e+06 -1.01951e+06
4086 465104 -1.48461e+06 -1.01951e+06
4087 465338 -1.48485e+06 -1.01951e+06
4088 465573 -1.48508e+06 -1.01951e+06
4089 465808 -1.48532e+06 -1.01951e+06
4090 466043 -1.48555e+06 -1.01951e+06
4091 466279 -1.48579e+06 -1.01951e+06
4092 466515 -1.48602e+06 -1.01951e+06
4093 466751 -1.48626e+06 -1.01951e+06
4094 466987 -1.4865e+06 -1.01951e+06
4095 467224 -1.48673e+06 -1.01951e+06
4096 467462 -1.48697e+06 -1.01951e+06
4097 467699 -1.48721e+06 -1.01951e+06
4098 467937 -1.48745e+06 -1.01951e+06
4099 468175 -1.48768e+06 -1.01951e+06
4100 468414 -1.48792e+06 -1.01951e+06
4101 468653 -1.48816e+06 -1.01951e+06
4102 468892 -1.4884e+06 -1.01951e+06
4103 469132 -1.48864e+06 -1.01951e+06
4104 469373 -1.48888e+06 -1.01951e+06
4105 469613 -1.48912e+06 -1.01951e+06
4106 469854 -1.48937e+06 -1.01951e+06
4107 470096 -1.48961e+06 -1.01951e+06
4108 470338 -1.48985e+06 -1.01951e+06
4109 470581 -1.49009e+06 -1.01951e+06
4110 470824 -1.49034e+06 -1.01951e+06
4111 471067 -1.49058e+06 -1.01951e+06
4112 471311 -1.49082e+06 -1.01951e+06
4113 471556 -1.49107e+06 -1.01951e+06
4114 471801 -1.49131e+06 -1.01951e+06
4115 472046 -1.49156e+06 -1.01951e+06
4116 472292 -1.49181e+06 -1.01951e+06
4117 472539 -1.49205e+06 -1.01951e+06
4118 472786 -1.4923e+06 -1.01951e+06
4119 473033 -1.49255e+06 -1.01951e+06
4120 473281 -1.4928e+06 -1.01951e+06
4121 473530 -1.49304e+06 -1.01951e+06
4122 473779 -1.49329e+06 -1.01951e+06
4123 474029 -1.49354e+06 -1.01952e+06
4124 474279 -1.49379e+06 -1.01952e+06
4125 474530 -1.49405e+06 -1.01952e+06
4126 474781 -1.4943e+06 -1.01952e+06
4127 475033 -1.49455e+06 -1.01952e+06
4128 475286 -1.4948e+06 -1.01952e+06
4129 475539 -1.49506e+06 -1.01952e+06
4130 475792 -1.49531e+06 -1.01952e+06
4131 476046 -1.49556e+06 -1.01952e+06
4132 476301 -1.49582e+06 -1.01952e+06
4133 476556 -1.49607e+06 -1.01952e+06
4134 476811 -1.49633e+06 -1.01952e+06
4135 477067 -1.49659e+06 -1.01952e+06
4136 477324 -1.49684e+06 -1.01952e+06
4137 477581 -1.4971e+06 -1.01952e+06
4138 477838 -1.49736e+06 -1.01952e+06
4139 478096 -1.49762e+06 -1.01952e+06
4140 478354 -1.49787e+06 -1.01952e+06
4141 478613 -1.49813e+06 -1.01952e+06
4142 478872 -1.49839e+06 -1.01952e+06
4143 479132 -1.49865e+06 -1.01952e+06
4144 479392 -1.49891e+06 -1.01952e+06
4145 479653 -1.49917e+06 -1.01952e+06
4146 479914 -1.49943e+06 -1.01952e+06
4147 480175 -1.4997e+06 -1.01952e+06
4148 480436 -1.49996e+06 -1.01952e+06
4149 480698 -1.50022e+06 -1.01952e+06
4150 480960 -1.50048e+06 -1.01952e+06
4151 481223 -1.50074e+06 -1.01952e+06
4152 481486 -1.50101e+06 -1.01952e+06
4153 481749 -1.50127e+06 -1.01952e+06
4154 482012 -1.50153e+06 -1.01952e+06
4155 482276 -1.5018e+06 -1.01952e+06
4156 482540 -1.50206e+06 -1.01952e+06
4157 482804 -1.50233e+06 -1.01952e+06
4158 483068 -1.50259e+06 -1.01952e+06
4159 483333 -1.50286e+06 -1.01952e+06
4160 483598 -1.50312e+06 -1.01952e+06
4161 483863 -1.50339e+06 -1.01952e+06
4162 484128 -1.50365e+06 -1.01952e+06
4163 484393 -1.50392e+06 -1.01952e+06
4164 484658 -1.50418e+06 -1.01952e+06
4165 484924 -1.50445e+06 -1.01952e+06
4166 485189 -1.50471e+06 -1.01952e+06
4167 485455 -1.50498e+06 -1.01952e+06
4168 485721 -1.50524e+06 -1.01952e+06
4169 485987 -1.50551e+06 -1.01952e+06
4170 486253 -1.50578e+06 -1.01952e+06
4171 486519 -1.50604e+06 -1.01952e+06
4172 486785 -1.50631e+06 -1.01952e+06
4173 487052 -1.50658e+06 -1.01952e+06
4174 487318 -1.50684e+06 -1.01952e+06
4175 487585 -1.50711e+06 -1.01952e+06
4176 487851 -1.50737e+06 -1.01952e+06
4177 488118 -1.50764e+06 -1.01952e+06
4178 488384 -1.50791e+06 -1.01952e+06
4179 488651 -1.50817e+06 -1.01952e+06
4180 488918 -1.50844e+06 -1.01952e+06
4181 489185 -1.50871e+06 -1.01952e+06
4182 489452 -1.50898e+06 -1.01952e+06
4183 489719 -1.50924e+06 -1.01952e+06
4184 489986 -1.50951e+06 -1.01952e+06
4185 490253 -1.50978e+06 -1.01952e+06
4186 490520 -1.51004e+06 -1.01952e+06
4187 490787 -1.51031e+06 -1.01952e+06
4188 491054 -1.51058e+06 -1.01952e+06
4189 491321 -1.51085e+06 -1.01952e+06
4190 491589 -1.51111e+06 -1.01952e+06
4191 491856 -1.51138e+06 -1.01952e+06
4192 492123 -1.51165e+06 -1.01952e+06
4193 492391 -1.51191e+06 -1.01952e+06
4194 492658 -1.51218e+06 -1.01952e+06
4195 492926 -1.51245e+06 -1.01952e+06
4196 493193 -1.51272e+06 -1.01952e+06
4197 493461 -1.51298e+06 -1.01952e+06
4198 493728 -1.51325e+06 -1.01952e+06
4199 493996 -1.51352e+06 -1.01952e+06
4200 494263 -1.51379e+06 -1.01952e+06
4201 494531 -1.51405e+06 -1.01952e+06
4202 494798 -1.51432e+06 -1.01952e+06
4203 495066 -1.51459e+06 -1.01952e+06
4204 495333 -1.51486e+06 -1.01952e+06
4205 495601 -1.51512e+06 -1.01952e+06
4206 495868 -1.51539e+06 -1.01952e+06
4207 496135 -1.51566e+06 -1.01952e+06
4208 496403 -1.51593e+06 -1.01952e+06
4209 496670 -1.51619e+06 -1.01952e+06
4210 496937 -1.51646e+06 -1.01952e+06
4211 497204 -1.51673e+06 -1.01952e+06
4212 497471 -1.51699e+06 -1.01952e+06
4213 497737 -1.51726e+06 -1.01952e+06
4214 498004 -1.51753e+06 -1.01952e+06
4215 498271 -1.51779e+06 -1.01952e+06
4216 498537 -1.51806e+06 -1.01952e+06
4217 498803 -1.51833e+06 -1.01952e+06
4218 499069 -1.51859e+06 -1.01952e+06
4219 499335 -1.51886e+06 -1.01952e+06
4220 499600 -1.51912e+06 -1.01952e+06
4221 499866 -1.51939e+06 -1.01952e+06
4222 500131 -1.51965e+06 -1.01952e+06
4223 500396 -1.51992e+06 -1.01952e+06
4224 500660 -1.52018e+06 -1.01952e+06
4225 500925 -1.52045e+06 -1.01952e+06
4226 501189 -1.52071e+06 -1.01952e+06
4227 501453 -1.52097e+06 -1.01952e+06
4228 501716 -1.52124e+06 -1.01952e+06
4229 501979 -1.5215e+06 -1.01952e+06
4230 502242 -1.52176e+06 -1.01952e+06
4231 502504 -1.52203e+06 -1.01952e+06
4232 502767 -1.52229e+06 -1.01952e+06
4233 503028 -1.52255e+06 -1.01952e+06
4234 503290 -1.52281e+06 -1.01952e+06
4235 503551 -1.52307e+06 -1.01952e+06
4236 503811 -1.52333e+06 -1.01952e+06
4237 504072 -1.52359e+06 -1.01952e+06
4238 504331 -1.52385e+06 -1.01952e+06
4239 504591 -1.52411e+06 -1.01952e+06
4240 504850 -1.52437e+06 -1.01952e+06
4241 505108 -1.52463e+06 -1.01952e+06
4242 505366 -1.52489e+06 -1.01952e+06
4243 505624 -1.52514e+06 -1.01952e+06
4244 505881 -1.5254e+06 -1.01952e+06
4245 506138 -1.52566e+06 -1.01952e+06
4246 506394 -1.52591e+06 -1.01952e+06
4247 506650 -1.52617e+06 -1.01952e+06
4248 506905 -1.52642e+06 -1.01952e+06
4249 507160 -1.52668e+06 -1.01952e+06
4250 507414 -1.52693e+06 -1.01952e+06
4251 507668 -1.52718e+06 -1.01952e+06
4252 507921 -1.52744e+06 -1.01952e+06
4253 508174 -1.52769e+06 -1.01952e+06
4254 508427 -1.52794e+06 -1.01952e+06
4255 508679 -1.52819e+06 -1.01952e+06
4256 508930 -1.52845e+06 -1.01952e+06
4257 509181 -1.5287e+06 -1.01952e+06
4258 509431 -1.52895e+06 -1.01952e+06
4259 509681 -1.5292e+06 -1.01951e+06
4260 509930 -1.52944e+06 -1.01951e+06
4261 510179 -1.52969e+06 -1.01951e+06
4262 510427 -1.52994e+06 -1.01951e+06
4263 510675 -1.53019e+06 -1.01951e+06
4264 510922 -1.53044e+06 -1.01951e+06
4265 511169 -1.53068e+06 -1.01951e+06
4266 511415 -1.53093e+06 -1.01951e+06
4267 511660 -1.53117e+06 -1.01951e+06
4268 511905 -1.53142e+06 -1.01951e+06
4269 512149 -1.53166e+06 -1.01951e+06
4270 512393 -1.5319e+06 -1.01951e+06
4271 512636 -1.53215e+06 -1.01951e+06
4272 512878 -1.53239e+06 -1.01951e+06
4273 513120 -1.53263e+06 -1.01951e+06
4274 513361 -1.53287e+06 -1.01951e+06
4275 513602 -1.53311e+06 -1.01951e+06
4276 513841 -1.53335e+06 -1.01951e+06
4277 514080 -1.53359e+06 -1.01951e+06
4278 514318 -1.53383e+06 -1.01951e+06
4279 514555 -1.53406e+06 -1.01951e+06
4280 514792 -1.5343e+06 -1.01951e+06
4281 515028 -1.53454e+06 -1.01951e+06
4282 515263 -1.53477e+06 -1.01951e+06
4283 515497 -1.535e+06 -1.01951e+06
4284 515730 -1.53524e+06 -1.01951e+06
4285 515962 -1.53547e+06 -1.01951e+06
4286 516194 -1.5357e+06 -1.01951e+06
4287 516425 -1.53593e+06 -1.01951e+06
4288 516655 -1.53616e+06 -1.0195e+06
4289 516884 -1.53639e+06 -1.0195e+06
4290 517112 -1.53662e+06 -1.0195e+06
4291 517339 -1.53684e+06 -1.0195e+06
4292 517565 -1.53707e+06 -1.0195e+06
4293 517791 -1.53729e+06 -1.0195e+06
4294 518016 -1.53752e+06 -1.0195e+06
4295 518240 -1.53774e+06 -1.0195e+06
4296 518463 -1.53796e+06 -1.0195e+06
4297 518685 -1.53819e+06 -1.0195e+06
4298 518907 -1.53841e+06 -1.0195e+06
4299 519128 -1.53863e+06 -1.0195e+06
4300 519348 -1.53885e+06 -1.0195e+06
4301 519568 -1.53907e+06 -1.0195e+06
4302 519786 -1.53929e+06 -1.0195e+06
4303 520005 -1.5395e+06 -1.0195e+06
4304 520223 -1.53972e+06 -1.0195e+06
4305 520440 -1.53994e+06 -1.0195e+06
4306 520656 -1.54015e+06 -1.0195e+06
4307 520872 -1.54037e+06 -1.0195e+06
4308 521088 -1.54059e+06 -1.0195e+06
4309 521303 -1.5408e+06 -1.0195e+06
4310 521518 -1.54102e+06 -1.0195e+06
4311 521733 -1.54123e+06 -1.0195e+06
4312 521947 -1.54144e+06 -1.0195e+06
4313 522161 -1.54166e+06 -1.0195e+06
4314 522375 -1.54187e+06 -1.0195e+06
4315 522588 -1.54208e+06 -1.0195e+06
4316 522801 -1.5423e+06 -1.0195e+06
4317 523014 -1.54251e+06 -1.0195e+06
4318 523227 -1.54272e+06 -1.0195e+06
4319 523439 -1.54294e+06 -1.0195e+06
4320 523652 -1.54315e+06 -1.0195e+06
4321 523864 -1.54336e+06 -1.0195e+06
4322 524076 -1.54357e+06 -1.0195e+06
4323 524288 -1.54378e+06 -1.0195e+06
4324 524500 -1.544e+06 -1.0195e+06
4325 524712 -1.54421e+06 -1.0195e+06
4326 524924 -1.54442e+06 -1.0195e+06
4327 525136 -1.54463e+06 -1.0195e+06
4328 525348 -1.54484e+06 -1.0195e+06
4329 525559 -1.54506e+06 -1.0195e+06
4330 525771 -1.54527e+06 -1.0195e+06
4331 525982 -1.54548e+06 -1.0195e+06
4332 526194 -1.54569e+06 -1.0195e+06
4333 526405 -1.5459e+06 -1.0195e+06
4334 526617 -1.54611e+06 -1.0195e+06
4335 526828 -1.54632e+06 -1.0195e+06
4336 527039 -1.54653e+06 -1.0195e+06
4337 527250 -1.54675e+06 -1.0195e+06
4338 527461 -1.54696e+06 -1.0195e+06
4339 527673 -1.54717e+06 -1.0195e+06
4340 527884 -1.54738e+06 -1.0195e+06
4341 528095 -1.54759e+06 -1.0195e+06
4342 528305 -1.5478e+06 -1.0195e+06
4343 528516 -1.54801e+06 -1.0195e+06
4344 528727 -1.54822e+06 -1.0195e+06
4345 528938 -1.54843e+06 -1.0195e+06
4346 529148 -1.54864e+06 -1.0195e+06
4347 529359 -1.54885e+06 -1.0195e+06
4348 529569 -1.54906e+06 -1.0195e+06
4349 529780 -1.54928e+06 -1.0195e+06
4350 529990 -1.54949e+06 -1.0195e+06
4351 530201 -1.5497e+06 -1.0195e+06
4352 530411 -1.54991e+06 -1.0195e+06
4353 530621 -1.55012e+06 -1.0195e+06
4354 530831 -1.55033e+06 -1.0195e+06
4355 531041 -1.55054e+06 -1.0195e+06
4356 531251 -1.55075e+06 -1.0195e+06
4357 531461 -1.55096e+06 -1.0195e+06
4358 531671 -1.55117e+06 -1.0195e+06
4359 531881 -1.55138e+06 -1.0195e+06
4360 532091 -1.55159e+06 -1.0195e+06
4361 532301 -1.5518e+06 -1.0195e+06
4362 532511 -1.55201e+06 -1.0195e+06
4363 532721 -1.55222e+06 -1.0195e+06
4364 532931 -1.55243e+06 -1.0195e+06
4365 533141 -1.55264e+06 -1.0195e+06
4366 533351 -1.55285e+06 -1.0195e+06
4367 533561 -1.55306e+06 -1.0195e+06
4368 533771 -1.55327e+06 -1.0195e+06
4369 533981 -1.55348e+06 -1.0195e+06
4370 534191 -1.55369e+06 -1.0195e+06
4371 534401 -1.5539e+06 -1.0195e+06
4372 534612 -1.55411e+06 -1.0195e+06
4373 534822 -1.55432e+06 -1.0195e+06
4374 535033 -1.55453e+06 -1.0195e+06
4375 535243 -1.55474e+06 -1.0195e+06
4376 535454 -1.55495e+06 -1.0195e+06
4377 535665 -1.55516e+06 -1.0195e+06
4378 535876 -1.55537e+06 -1.0195e+06
4379 536087 -1.55558e+06 -1.0195e+06
4380 536299 -1.55579e+06 -1.0195e+06
4381 536510 -1.55601e+06 -1.0195e+06
4382 536722 -1.55622e+06 -1.0195e+06
4383 536934 -1.55643e+06 -1.0195e+06
4384 537146 -1.55664e+06 -1.0195e+06
4385 537358 -1.55685e+06 -1.0195e+06
4386 537570 -1.55707e+06 -1.0195e+06
4387 537783 -1.55728e+06 -1.0195e+06
4388 537996 -1.55749e+06 -1.0195e+06
4389 538209 -1.55771e+06 -1.0195e+06
4390 538422 -1.55792e+06 -1.0195e+06
4391 538636 -1.55813e+06 -1.0195e+06
4392 538849 -1.55835e+06 -1.0195e+06
4393 539063 -1.55856e+06 -1.0195e+06
4394 539278 -1.55877e+06 -1.0195e+06
4395 539492 -1.55899e+06 -1.0195e+06
4396 539707 -1.5592e+06 -1.0195e+06
4397 539922 -1.55942e+06 -1.0195e+06
4398 540137 -1.55963e+06 -1.0195e+06
4399 540352 -1.55985e+06 -1.0195e+06
4400 540568 -1.56007e+06 -1.0195e+06
4401 540784 -1.56028e+06 -1.0195e+06
4402 541000 -1.5605e+06 -1.0195e+06
4403 541217 -1.56072e+06 -1.0195e+06
4404 541433 -1.56093e+06 -1.0195e+06
4405 541650 -1.56115e+06 -1.0195e+06
4406 541868 -1.56137e+06 -1.0195e+06
4407 542085 -1.56158e+06 -1.0195e+06
4408 542303 -1.5618e+06 -1.0195e+06
4409 542521 -1.56202e+06 -1.0195e+06
4410 542740 -1.56224e+06 -1.0195e+06
4411 542959 -1.56246e+06 -1.0195e+06
4412 543178 -1.56268e+06 -1.0195e+06
4413 543397 -1.5629e+06 -1.0195e+06
4414 543617 -1.56312e+06 -1.0195e+06
4415 543837 -1.56334e+06 -1.0195e+06
4416 544057 -1.56356e+06 -1.0195e+06
4417 544278 -1.56378e+06 -1.0195e+06
4418 544499 -1.564e+06 -1.0195e+06
4419 544720 -1.56422e+06 -1.0195e+06
4420 544941 -1.56444e+06 -1.0195e+06
4421 545163 -1.56466e+06 -1.0195e+06
4422 545385 -1.56489e+06 -1.0195e+06
4423 545607 -1.56511e+06 -1.0195e+06
4424 545830 -1.56533e+06 -1.0195e+06
4425 546053 -1.56555e+06 -1.0195e+06
4426 546276 -1.56578e+06 -1.0195e+06
4427 546499 -1.566e+06 -1.0195e+06
4428 546722 -1.56622e+06 -1.0195e+06
4429 546946 -1.56645e+06 -1.0195e+06
4430 547170 -1.56667e+06 -1.0195e+06
4431 547393 -1.5669e+06 -1.0195e+06
4432 547618 -1.56712e+06 -1.0195e+06
4433 547842 -1.56734e+06 -1.0195e+06
4434 548066 -1.56757e+06 -1.0195e+06
4435 548290 -1.56779e+06 -1.0195e+06
4436 548515 -1.56802e+06 -1.0195e+06
4437 548740 -1.56824e+06 -1.0195e+06
4438 548964 -1.56847e+06 -1.0195e+06
4439 549189 -1.56869e+06 -1.0195e+06
4440 549414 -1.56892e+06 -1.0195e+06
4441 549639 -1.56914e+06 -1.0195e+06
4442 549863 -1.56937e+06 -1.0195e+06
4443 550088 -1.56959e+06 -1.0195e+06
4444 550313 -1.56982e+06 -1.0195e+06
4445 550538 -1.57004e+06 -1.0195e+06
4446 550763 -1.57027e+06 -1.0195e+06
4447 550988 -1.57049e+06 -1.0195e+06
4448 551213 -1.57072e+06 -1.0195e+06
4449 551438 -1.57094e+06 -1.0195e+06
4450 551663 -1.57117e+06 -1.0195e+06
4451 551888 -1.57139e+06 -1.0195e+06
4452 552113 -1.57162e+06 -1.0195e+06
4453 552338 -1.57184e+06 -1.0195e+06
4454 552562 -1.57206e+06 -1.0195e+06
4455 552787 -1.57229e+06 -1.0195e+06
4456 553012 -1.57251e+06 -1.0195e+06
4457 553237 -1.57274e+06 -1.0195e+06
4458 553462 -1.57296e+06 -1.0195e+06
4459 553686 -1.57319e+06 -1.0195e+06
4460 553911 -1.57341e+06 -1.0195e+06
4461 554136 -1.57364e+06 -1.0195e+06
4462 554360 -1.57386e+06 -1.0195e+06
4463 554585 -1.57409e+06 -1.0195e+06
4464 554809 -1.57431e+06 -1.0195e+06
4465 555033 -1.57454e+06 -1.0195e+06
4466 555258 -1.57476e+06 -1.0195e+06
4467 555482 -1.57498e+06 -1.0195e+06
4468 555706 -1.57521e+06 -1.0195e+06
4469 555930 -1.57543e+06 -1.0195e+06
4470 556154 -1.57566e+06 -1.0195e+06
4471 556378 -1.57588e+06 -1.0195e+06
4472 556602 -1.5761e+06 -1.0195e+06
4473 556826 -1.57633e+06 -1.0195e+06
4474 557050 -1.57655e+06 -1.0195e+06
4475 557274 -1.57678e+06 -1.0195e+06
4476 557497 -1.577e+06 -1.0195e+06
4477 557721 -1.57722e+06 -1.0195e+06
4478 557944 -1.57745e+06 -1.0195e+06
4479 558168 -1.57767e+06 -1.0195e+06
4480 558391 -1.57789e+06 -1.0195e+06
4481 558614 -1.57812e+06 -1.0195e+06
4482 558838 -1.57834e+06 -1.0195e+06
4483 559061 -1.57856e+06 -1.0195e+06
4484 559284 -1.57879e+06 -1.0195e+06
4485 559507 -1.57901e+06 -1.0195e+06
4486 559730 -1.57923e+06 -1.0195e+06
4487 559953 -1.57946e+06 -1.0195e+06
4488 560177 -1.57968e+06 -1.0195e+06
4489 560400 -1.5799e+06 -1.0195e+06
4490 560623 -1.58012e+06 -1.0195e+06
4491 560846 -1.58035e+06 -1.0195e+06
4492 561070 -1.58057e+06 -1.0195e+06
4493 561293 -1.5808e+06 -1.0195e+06
4494 561517 -1.58102e+06 -1.0195e+06
4495 561741 -1.58124e+06 -1.0195e+06
4496 561965 -1.58147e+06 -1.0195e+06
4497 562189 -1.58169e+06 -1.0195e+06
4498 562413 -1.58192e+06 -1.0195e+06
4499 562638 -1.58214e+06 -1.0195e+06
4500 562862 -1.58237e+06 -1.0195e+06
4501 563087 -1.58259e+06 -1.0195e+06
4502 563313 -1.58282e+06 -1.0195e+06
4503 563538 -1.58304e+06 -1.0195e+06
4504 563764 -1.58327e+06 -1.0195e+06
4505 563991 -1.58349e+06 -1.0195e+06
4506 564217 -1.58372e+06 -1.0195e+06
4507 564444 -1.58395e+06 -1.0195e+06
4508 564672 -1.58418e+06 -1.0195e+06
4509 564899 -1.5844e+06 -1.0195e+06
4510 565128 -1.58463e+06 -1.0195e+06
4511 565356 -1.58486e+06 -1.0195e+06
4512 565586 -1.58509e+06 -1.0195e+06
4513 565816 -1.58532e+06 -1.01951e+06
4514 566046 -1.58555e+06 -1.01951e+06
4515 566277 -1.58578e+06 -1.01951e+06
4516 566508 -1.58601e+06 -1.01951e+06
4517 566740 -1.58625e+06 -1.01951e+06
4518 566973 -1.58648e+06 -1.01951e+06
4519 567206 -1.58671e+06 -1.01951e+06
4520 567440 -1.58695e+06 -1.01951e+06
4521 567674 -1.58718e+06 -1.01951e+06
4522 567910 -1.58742e+06 -1.01951e+06
4523 568146 -1.58765e+06 -1.01951e+06
4524 568382 -1.58789e+06 -1.01951e+06
4525 568620 -1.58813e+06 -1.01951e+06
4526 568858 -1.58837e+06 -1.01951e+06
4527 569097 -1.58861e+06 -1.01951e+06
4528 569336 -1.58885e+06 -1.01951e+06
4529 569577 -1.58909e+06 -1.01951e+06
4530 569818 -1.58933e+06 -1.01951e+06
4531 570060 -1.58957e+06 -1.01951e+06
4532 570303 -1.58981e+06 -1.01951e+06
4533 570547 -1.59006e+06 -1.01951e+06
4534 570791 -1.5903e+06 -1.01951e+06
4535 571037 -1.59055e+06 -1.01951e+06
4536 571283 -1.5908e+06 -1.01951e+06
4537 571530 -1.59104e+06 -1.01951e+06
4538 571778 -1.59129e+06 -1.01951e+06
4539 572027 -1.59154e+06 -1.01951e+06
4540 572277 -1.59179e+06 -1.01952e+06
4541 572528 -1.59204e+06 -1.01952e+06
4542 572779 -1.5923e+06 -1.01952e+06
4543 573032 -1.59255e+06 -1.01952e+06
4544 573286 -1.5928e+06 -1.01952e+06
4545 573540 -1.59306e+06 -1.01952e+06
4546 573795 -1.59331e+06 -1.01952e+06
4547 574051 -1.59357e+06 -1.01952e+06
4548 574309 -1.59383e+06 -1.01952e+06
4549 574567 -1.59409e+06 -1.01952e+06
4550 574825 -1.59435e+06 -1.01952e+06
4551 575085 -1.59461e+06 -1.01952e+06
4552 575346 -1.59487e+06 -1.01952e+06
4553 575608 -1.59513e+06 -1.01952e+06
4554 575870 -1.59539e+06 -1.01952e+06
4555 576133 -1.59566e+06 -1.01952e+06
4556 576397 -1.59592e+06 -1.01952e+06
4557 576662 -1.59619e+06 -1.01952e+06
4558 576928 -1.59645e+06 -1.01952e+06
4559 577194 -1.59672e+06 -1.01952e+06
4560 577462 -1.59699e+06 -1.01952e+06
4561 577730 -1.59725e+06 -1.01952e+06
4562 577998 -1.59752e+06 -1.01952e+06
4563 578268 -1.59779e+06 -1.01953e+06
4564 578538 -1.59806e+06 -1.01953e+06
4565 578809 -1.59833e+06 -1.01953e+06
4566 579080 -1.59861e+06 -1.01953e+06
4567 579353 -1.59888e+06 -1.01953e+06
4568 579625 -1.59915e+06 -1.01953e+06
4569 579899 -1.59943e+06 -1.01953e+06
4570 580172 -1.5997e+06 -1.01953e+06
4571 580447 -1.59997e+06 -1.01953e+06
4572 580722 -1.60025e+06 -1.01953e+06
4573 580997 -1.60052e+06 -1.01953e+06
4574 581273 -1.6008e+06 -1.01953e+06
4575 581549 -1.60108e+06 -1.01953e+06
4576 581825 -1.60135e+06 -1.01953e+06
4577 582102 -1.60163e+06 -1.01953e+06
4578 582379 -1.60191e+06 -1.01953e+06
4579 582656 -1.60219e+06 -1.01953e+06
4580 582934 -1.60246e+06 -1.01953e+06
4581 583211 -1.60274e+06 -1.01953e+06
4582 583489 -1.60302e+06 -1.01953e+06
4583 583767 -1.6033e+06 -1.01953e+06
4584 584045 -1.60357e+06 -1.01953e+06
4585 584323 -1.60385e+06 -1.01953e+06
4586 584602 -1.60413e+06 -1.01953e+06
4587 584880 -1.60441e+06 -1.01953e+06
4588 585158 -1.60469e+06 -1.01953e+06
4589 585435 -1.60496e+06 -1.01953e+06
4590 585713 -1.60524e+06 -1.01953e+06
4591 585991 -1.60552e+06 -1.01953e+06
4592 586268 -1.6058e+06 -1.01953e+06
4593 586545 -1.60607e+06 -1.01953e+06
4594 586822 -1.60635e+06 -1.01953e+06
4595 587099 -1.60663e+06 -1.01953e+06
4596 587375 -1.6069e+06 -1.01953e+06
4597 587651 -1.60718e+06 -1.01953e+06
4598 587926 -1.60745e+06 -1.01953e+06
4599 588201 -1.60773e+06 -1.01953e+06
4600 588476 -1.608e+06 -1.01953e+06
4601 588750 -1.60828e+06 -1.01953e+06
4602 589024 -1.60855e+06 -1.01953e+06
4603 589297 -1.60882e+06 -1.01953e+06
4604 589570 -1.6091e+06 -1.01953e+06
4605 589842 -1.60937e+06 -1.01953e+06
4606 590114 -1.60964e+06 -1.01953e+06
4607 590385 -1.60991e+06 -1.01953e+06
4608 590656 -1.61018e+06 -1.01953e+06
4609 590926 -1.61045e+06 -1.01952e+06
4610 591195 -1.61072e+06 -1.01952e+06
4611 591464 -1.61099e+06 -1.01952e+06
4612 591733 -1.61126e+06 -1.01952e+06
4613 592001 -1.61152e+06 -1.01952e+06
4614 592268 -1.61179e+06 -1.01952e+06
4615 592535 -1.61206e+06 -1.01952e+06
4616 592801 -1.61232e+06 -1.01952e+06
4617 593067 -1.61259e+06 -1.01952e+06
4618 593333 -1.61286e+06 -1.01952e+06
4619 593598 -1.61312e+06 -1.01952e+06
4620 593863 -1.61339e+06 -1.01952e+06
4621 594127 -1.61365e+06 -1.01952e+06
4622 594391 -1.61391e+06 -1.01952e+06
4623 594654 -1.61418e+06 -1.01952e+06
4624 594918 -1.61444e+06 -1.01952e+06
4625 595180 -1.6147e+06 -1.01952e+06
4626 595443 -1.61496e+06 -1.01952e+06
4627 595705 -1.61523e+06 -1.01952e+06
4628 595967 -1.61549e+06 -1.01952e+06
4629 596229 -1.61575e+06 -1.01952e+06
4630 596491 -1.61601e+06 -1.01952e+06
4631 596752 -1.61627e+06 -1.01952e+06
4632 597013 -1.61653e+06 -1.01952e+06
4633 597275 -1.6168e+06 -1.01952e+06
4634 597536 -1.61706e+06 -1.01952e+06
4635 597796 -1.61732e+06 -1.01952e+06
4636 598057 -1.61758e+06 -1.01952e+06
4637 598318 -1.61784e+06 -1.01952e+06
4638 598578 -1.6181e+06 -1.01952e+06
4639 598839 -1.61836e+06 -1.01952e+06
4640 599100 -1.61862e+06 -1.01952e+06
4641 599360 -1.61888e+06 -1.01952e+06
4642 599621 -1.61914e+06 -1.01952e+06
4643 599881 -1.6194e+06 -1.01952e+06
4644 600142 -1.61966e+06 -1.01952e+06
4645 600402 -1.61992e+06 -1.01952e+06
4646 600663 -1.62018e+06 -1.01952e+06
4647 600924 -1.62044e+06 -1.01952e+06
4648 601185 -1.62071e+06 -1.01952e+06
4649 601446 -1.62097e+06 -1.01952e+06
4650 601707 -1.62123e+06 -1.01952e+06
4651 601968 -1.62149e+06 -1.01952e+06
4652 602229 -1.62175e+06 -1.01952e+06
4653 602490 -1.62201e+06 -1.01952e+06
4654 602752 -1.62227e+06 -1.01952e+06
4655 603014 -1.62253e+06 -1.01952e+06
4656 603276 -1.6228e+06 -1.01952e+06
4657 603538 -1.62306e+06 -1.01952e+06
4658 603800 -1.62332e+06 -1.01952e+06
4659 604062 -1.62358e+06 -1.01952e+06
4660 604325 -1.62385e+06 -1.01952e+06
4661 604588 -1.62411e+06 -1.01952e+06
4662 604851 -1.62437e+06 -1.01952e+06
4663 605115 -1.62464e+06 -1.01952e+06
4664 605378 -1.6249e+06 -1.01952e+06
4665 605642 -1.62516e+06 -1.01952e+06
4666 605906 -1.62543e+06 -1.01952e+06
4667 606171 -1.62569e+06 -1.01952e+06
4668 606435 -1.62596e+06 -1.01952e+06
4669 606700 -1.62622e+06 -1.01952e+06
4670 606966 -1.62649e+06 -1.01952e+06
4671 607231 -1.62675e+06 -1.01952e+06
4672 607497 -1.62702e+06 -1.01952e+06
4673 607763 -1.62729e+06 -1.01952e+06
4674 608030 -1.62755e+06 -1.01952e+06
4675 608297 -1.62782e+06 -1.01952e+06
4676 608564 -1.62809e+06 -1.01952e+06
4677 608831 -1.62836e+06 -1.01952e+06
4678 609099 -1.62862e+06 -1.01952e+06
4679 609367 -1.62889e+06 -1.01952e+06
4680 609635 -1.62916e+06 -1.01952e+06
4681 609904 -1.62943e+06 -1.01952e+06
4682 610173 -1.6297e+06 -1.01952e+06
4683 610442 -1.62997e+06 -1.01952e+06
4684 610712 -1.63024e+06 -1.01953e+06
4685 610982 -1.63051e+06 -1.01953e+06
4686 611252 -1.63078e+06 -1.01953e+06
4687 611522 -1.63105e+06 -1.01953e+06
4688 611793 -1.63132e+06 -1.01953e+06
4689 612064 -1.63159e+06 -1.01953e+06
4690 612336 -1.63186e+06 -1.01953e+06
4691 612607 -1.63213e+06 -1.01953e+06
4692 612879 -1.63241e+06 -1.01953e+06
4693 613151 -1.63268e+06 -1.01953e+06
4694 613424 -1.63295e+06 -1.01953e+06
4695 613696 -1.63322e+06 -1.01953e+06
4696 613969 -1.6335e+06 -1.01953e+06
4697 614242 -1.63377e+06 -1.01953e+06
4698 614515 -1.63404e+06 -1.01953e+06
4699 614789 -1.63432e+06 -1.01953e+06
4700 615063 -1.63459e+06 -1.01953e+06
4701 615337 -1.63486e+06 -1.01953e+06
4702 615611 -1.63514e+06 -1.01953e+06
4703 615885 -1.63541e+06 -1.01953e+06
4704 616159 -1.63569e+06 -1.01953e+06
4705 616434 -1.63596e+06 -1.01953e+06
4706 616709 -1.63624e+06 -1.01953e+06
4707 616983 -1.63651e+06 -1.01953e+06
4708 617258 -1.63679e+06 -1.01953e+06
4709 617534 -1.63706e+06 -1.01953e+06
4710 617809 -1.63734e+06 -1.01953e+06
4711 618084 -1.63761e+06 -1.01953e+06
4712 618359 -1.63789e+06 -1.01953e+06
4713 618635 -1.63816e+06 -1.01953e+06
4714 618911 -1.63844e+06 -1.01953e+06
4715 619186 -1.63871e+06 -1.01953e+06
4716 619462 -1.63899e+06 -1.01953e+06
4717 619738 -1.63927e+06 -1.01953e+06
4718 620014 -1.63954e+06 -1.01953e+06
4719 620289 -1.63982e+06 -1.01953e+06
4720 620565 -1.64009e+06 -1.01953e+06
4721 620841 -1.64037e+06 -1.01953e+06
4722 621117 -1.64065e+06 -1.01953e+06
4723 621393 -1.64092e+06 -1.01953e+06
4724 621669 -1.6412e+06 -1.01953e+06
4725 621945 -1.64147e+06 -1.01953e+06
4726 622222 -1.64175e+06 -1.01953e+06
4727 622498 -1.64203e+06 -1.01953e+06
4728 622774 -1.6423e+06 -1.01953e+06
4729 623050 -1.64258e+06 -1.01953e+06
4730 623326 -1.64285e+06 -1.01953e+06
4731 623602 -1.64313e+06 -1.01953e+06
4732 623878 -1.64341e+06 -1.01953e+06
4733 624154 -1.64368e+06 -1.01953e+06
4734 624431 -1.64396e+06 -1.01953e+06
4735 624707 -1.64423e+06 -1.01953e+06
4736 624983 -1.64451e+06 -1.01953e+06
4737 625259 -1.64479e+06 -1.01953e+06
4738 625535 -1.64506e+06 -1.01953e+06
4739 625811 -1.64534e+06 -1.01953e+06
4740 626087 -1.64562e+06 -1.01953e+06
4741 626363 -1.64589e+06 -1.01953e+06
4742 626639 -1.64617e+06 -1.01953e+06
4743 626915 -1.64644e+06 -1.01953e+06
4744 627191 -1.64672e+06 -1.01953e+06
4745 627467 -1.647e+06 -1.01953e+06
4746 627744 -1.64727e+06 -1.01953e+06
4747 628020 -1.64755e+06 -1.01953e+06
4748 628296 -1.64782e+06 -1.01953e+06
4749 628572 -1.6481e+06 -1.01953e+06
4750 628848 -1.64838e+06 -1.01953e+06
4751 629124 -1.64865e+06 -1.01953e+06
4752 629400 -1.64893e+06 -1.01953e+06
4753 629676 -1.6492e+06 -1.01953e+06
4754 629952 -1.64948e+06 -1.01953e+06
4755 630227 -1.64976e+06 -1.01953e+06
4756 630503 -1.65003e+06 -1.01953e+06
4757 630779 -1.65031e+06 -1.01953e+06
4758 631055 -1.65058e+06 -1.01953e+06
4759 631331 -1.65086e+06 -1.01953e+06
4760 631607 -1.65114e+06 -1.01953e+06
4761 631883 -1.65141e+06 -1.01953e+06
4762 632159 -1.65169e+06 -1.01953e+06
4763 632434 -1.65196e+06 -1.01953e+06
4764 632710 -1.65224e+06 -1.01953e+06
4765 632986 -1.65251e+06 -1.01953e+06
4766 633261 -1.65279e+06 -1.01953e+06
4767 633537 -1.65306e+06 -1.01953e+06
4768 633812 -1.65334e+06 -1.01953e+06
4769 634088 -1.65362e+06 -1.01953e+06
4770 634363 -1.65389e+06 -1.01953e+06
4771 634638 -1.65417e+06 -1.01953e+06
4772 634913 -1.65444e+06 -1.01953e+06
4773 635188 -1.65472e+06 -1.01953e+06
4774 635463 -1.65499e+06 -1.01953e+06
4775 635738 -1.65527e+06 -1.01953e+06
4776 636013 -1.65554e+06 -1.01953e+06
4777 636287 -1.65581e+06 -1.01953e+06
4778 636561 -1.65609e+06 -1.01953e+06
4779 636835 -1.65636e+06 -1.01953e+06
4780 637109 -1.65664e+06 -1.01953e+06
4781 637383 -1.65691e+06 -1.01953e+06
4782 637656 -1.65718e+06 -1.01953e+06
4783 637929 -1.65746e+06 -1.01953e+06
4784 638202 -1.65773e+06 -1.01953e+06
4785 638475 -1.658e+06 -1.01953e+06
4786 638747 -1.65827e+06 -1.01953e+06
4787 639019 -1.65854e+06 -1.01953e+06
4788 639291 -1.65882e+06 -1.01953e+06
4789 639562 -1.65909e+06 -1.01953e+06
4790 639833 -1.65936e+06 -1.01953e+06
4791 640104 -1.65963e+06 -1.01953e+06
4792 640375 -1.6599e+06 -1.01953e+06
4793 640645 -1.66017e+06 -1.01953e+06
4794 640915 -1.66044e+06 -1.01952e+06
4795 641185 -1.66071e+06 -1.01952e+06
4796 641454 -1.66098e+06 -1.01952e+06
4797 641723 -1.66125e+06 -1.01952e+06
4798 641991 -1.66152e+06 -1.01952e+06
4799 642260 -1.66178e+06 -1.01952e+06
4800 642528 -1.66205e+06 -1.01952e+06
4801 642795 -1.66232e+06 -1.01952e+06
4802 643063 -1.66259e+06 -1.01952e+06
4803 643330 -1.66285e+06 -1.01952e+06
4804 643597 -1.66312e+06 -1.01952e+06
4805 643864 -1.66339e+06 -1.01952e+06
4806 644130 -1.66365e+06 -1.01952e+06
4807 644396 -1.66392e+06 -1.01952e+06
4808 644662 -1.66418e+06 -1.01952e+06
4809 644928 -1.66445e+06 -1.01952e+06
4810 645193 -1.66472e+06 -1.01952e+06
4811 645458 -1.66498e+06 -1.01952e+06
4812 645723 -1.66525e+06 -1.01952e+06
4813 645988 -1.66551e+06 -1.01952e+06
4814 646253 -1.66578e+06 -1.01952e+06
4815 646518 -1.66604e+06 -1.01952e+06
4816 646782 -1.6663e+06 -1.01952e+06
4817 647047 -1.66657e+06 -1.01952e+06
4818 647311 -1.66683e+06 -1.01952e+06
4819 647576 -1.6671e+06 -1.01952e+06
4820 647840 -1.66736e+06 -1.01952e+06
4821 648104 -1.66763e+06 -1.01952e+06
4822 648368 -1.66789e+06 -1.01952e+06
4823 648632 -1.66815e+06 -1.01952e+06
4824 648896 -1.66842e+06 -1.01952e+06
4825 649160 -1.66868e+06 -1.01952e+06
4826 649424 -1.66895e+06 -1.01952e+06
4827 649688 -1.66921e+06 -1.01952e+06
4828 649952 -1.66947e+06 -1.01952e+06
4829 650216 -1.66974e+06 -1.01952e+06
4830 650480 -1.67e+06 -1.01952e+06
4831 650744 -1.67027e+06 -1.01952e+06
4832 651009 -1.67053e+06 -1.01952e+06
4833 651273 -1.67079e+06 -1.01952e+06
4834 651537 -1.67106e+06 -1.01952e+06
4835 651801 -1.67132e+06 -1.01952e+06
4836 652065 -1.67159e+06 -1.01952e+06
4837 652330 -1.67185e+06 -1.01952e+06
4838 652594 -1.67212e+06 -1.01952e+06
4839 652858 -1.67238e+06 -1.01952e+06
4840 653123 -1.67265e+06 -1.01952e+06
4841 653387 -1.67291e+06 -1.01952e+06
4842 653652 -1.67317e+06 -1.01952e+06
4843 653916 -1.67344e+06 -1.01952e+06
4844 654181 -1.6737e+06 -1.01952e+06
4845 654446 -1.67397e+06 -1.01952e+06
4846 654710 -1.67423e+06 -1.01952e+06
4847 654975 -1.6745e+06 -1.01952e+06
4848 655240 -1.67476e+06 -1.01952e+06
4849 655505 -1.67503e+06 -1.01952e+06
4850 655770 -1.67529e+06 -1.01952e+06
4851 656035 -1.67556e+06 -1.01952e+06
4852 656300 -1.67582e+06 -1.01952e+06
4853 656565 -1.67609e+06 -1.01952e+06
4854 656830 -1.67635e+06 -1.01952e+06
4855 657095 -1.67662e+06 -1.01952e+06
4856 657361 -1.67688e+06 -1.01952e+06
4857 657626 -1.67715e+06 -1.01952e+06
4858 657891 -1.67741e+06 -1.01952e+06
4859 658157 -1.67768e+06 -1.01952e+06
4860 658422 -1.67795e+06 -1.01952e+06
4861 658688 -1.67821e+06 -1.01952e+06
4862 658954 -1.67848e+06 -1.01952e+06
4863 659220 -1.67874e+06 -1.01952e+06
4864 659486 -1.67901e+06 -1.01952e+06
4865 659752 -1.67928e+06 -1.01952e+06
4866 660018 -1.67954e+06 -1.01952e+06
4867 660284 -1.67981e+06 -1.01952e+06
4868 660551 -1.68007e+06 -1.01952e+06
4869 660818 -1.68034e+06 -1.01952e+06
4870 661084 -1.68061e+06 -1.01952e+06
4871 661351 -1.68087e+06 -1.01952e+06
4872 661618 -1.68114e+06 -1.01952e+06
4873 661886 -1.68141e+06 -1.01952e+06
4874 662153 -1.68168e+06 -1.01952e+06
4875 662421 -1.68194e+06 -1.01952e+06
4876 662689 -1.68221e+06 -1.01952e+06
4877 662957 -1.68248e+06 -1.01952e+06
4878 663225 -1.68275e+06 -1.01952e+06
4879 663494 -1.68302e+06 -1.01952e+06
4880 663762 -1.68329e+06 -1.01952e+06
4881 664031 -1.68356e+06 -1.01952e+06
4882 664301 -1.68383e+06 -1.01952e+06
4883 664570 -1.6841e+06 -1.01952e+06
4884 664840 -1.68437e+06 -1.01953e+06
4885 665110 -1.68464e+06 -1.01953e+06
4886 665380 -1.68491e+06 -1.01953e+06
4887 665651 -1.68518e+06 -1.01953e+06
4888 665922 -1.68545e+06 -1.01953e+06
4889 666193 -1.68572e+06 -1.01953e+06
4890 666465 -1.68599e+06 -1.01953e+06
4891 666737 -1.68626e+06 -1.01953e+06
4892 667009 -1.68654e+06 -1.01953e+06
4893 667282 -1.68681e+06 -1.01953e+06
4894 667554 -1.68708e+06 -1.01953e+06
4895 667828 -1.68735e+06 -1.01953e+06
4896 668101 -1.68763e+06 -1.01953e+06
4897 668375 -1.6879e+06 -1.01953e+06
4898 668650 -1.68818e+06 -1.01953e+06
4899 668924 -1.68845e+06 -1.01953e+06
4900 669200 -1.68873e+06 -1.01953e+06
4901 669475 -1.689e+06 -1.01953e+06
4902 669751 -1.68928e+06 -1.01953e+06
4903 670027 -1.68956e+06 -1.01953e+06
4904 670304 -1.68983e+06 -1.01953e+06
4905 670581 -1.69011e+06 -1.01953e+06
4906 670858 -1.69039e+06 -1.01953e+06
4907 671136 -1.69067e+06 -1.01953e+06
4908 671414 -1.69094e+06 -1.01953e+06
4909 671693 -1.69122e+06 -1.01953e+06
4910 671972 -1.6915e+06 -1.01953e+06
4911 672252 -1.69178e+06 -1.01953e+06
4912 672532 -1.69206e+06 -1.01953e+06
4913 672812 -1.69234e+06 -1.01953e+06
4914 673093 -1.69262e+06 -1.01953e+06
4915 673374 -1.6929e+06 -1.01953e+06
4916 673655 -1.69319e+06 -1.01953e+06
4917 673937 -1.69347e+06 -1.01953e+06
4918 674219 -1.69375e+06 -1.01953e+06
4919 674502 -1.69403e+06 -1.01953e+06
4920 674785 -1.69432e+06 -1.01953e+06
4921 675069 -1.6946e+06 -1.01953e+06
4922 675353 -1.69488e+06 -1.01953e+06
4923 675637 -1.69517e+06 -1.01953e+06
4924 675922 -1.69545e+06 -1.01953e+06
4925 676207 -1.69574e+06 -1.01953e+06
4926 676492 -1.69603e+06 -1.01953e+06
4927 676778 -1.69631e+06 -1.01953e+06
4928 677064 -1.6966e+06 -1.01953e+06
4929 677351 -1.69688e+06 -1.01953e+06
4930 677637 -1.69717e+06 -1.01953e+06
4931 677925 -1.69746e+06 -1.01953e+06
4932 678212 -1.69775e+06 -1.01953e+06
4933 678500 -1.69803e+06 -1.01953e+06
4934 678788 -1.69832e+06 -1.01953e+06
4935 679077 -1.69861e+06 -1.01953e+06
4936 679366 -1.6989e+06 -1.01953e+06
4937 679655 -1.69919e+06 -1.01953e+06
4938 679945 -1.69948e+06 -1.01954e+06
4939 680234 -1.69977e+06 -1.01954e+06
4940 680525 -1.70006e+06 -1.01954e+06
4941 680815 -1.70035e+06 -1.01954e+06
4942 681106 -1.70064e+06 -1.01954e+06
4943 681397 -1.70093e+06 -1.01954e+06
4944 681688 -1.70122e+06 -1.01954e+06
4945 681980 -1.70152e+06 -1.01954e+06
4946 682272 -1.70181e+06 -1.01954e+06
4947 682564 -1.7021e+06 -1.01954e+06
4948 682856 -1.70239e+06 -1.01954e+06
4949 683149 -1.70269e+06 -1.01954e+06
4950 683442 -1.70298e+06 -1.01954e+06
4951 683735 -1.70327e+06 -1.01954e+06
4952 684029 -1.70357e+06 -1.01954e+06
4953 684323 -1.70386e+06 -1.01954e+06
4954 684617 -1.70415e+06 -1.01954e+06
4955 684911 -1.70445e+06 -1.01954e+06
4956 685206 -1.70474e+06 -1.01954e+06
4957 685501 -1.70504e+06 -1.01954e+06
4958 685796 -1.70533e+06 -1.01954e+06
4959 686092 -1.70563e+06 -1.01954e+06
4960 686388 -1.70593e+06 -1.01954e+06
4961 686684 -1.70622e+06 -1.01954e+06
4962 686980 -1.70652e+06 -1.01954e+06
4963 687277 -1.70682e+06 -1.01954e+06
4964 687574 -1.70711e+06 -1.01954e+06
4965 687872 -1.70741e+06 -1.01954e+06
4966 688169 -1.70771e+06 -1.01954e+06
4967 688467 -1.70801e+06 -1.01954e+06
4968 688766 -1.70831e+06 -1.01954e+06
4969 689064 -1.7086e+06 -1.01954e+06
4970 689364 -1.7089e+06 -1.01954e+06
4971 689663 -1.7092e+06 -1.01954e+06
4972 689963 -1.7095e+06 -1.01954e+06
4973 690263 -1.7098e+06 -1.01954e+06
4974 690564 -1.7101e+06 -1.01954e+06
4975 690865 -1.71041e+06 -1.01954e+06
4976 691167 -1.71071e+06 -1.01954e+06
4977 691469 -1.71101e+06 -1.01954e+06
4978 691771 -1.71131e+06 -1.01954e+06
4979 692074 -1.71162e+06 -1.01954e+06
4980 692377 -1.71192e+06 -1.01954e+06
4981 692681 -1.71222e+06 -1.01954e+06
4982 692986 -1.71253e+06 -1.01954e+06
4983 693290 -1.71283e+06 -1.01954e+06
4984 693596 -1.71314e+06 -1.01954e+06
4985 693902 -1.71345e+06 -1.01954e+06
4986 694208 -1.71375e+06 -1.01954e+06
4987 694515 -1.71406e+06 -1.01954e+06
4988 694823 -1.71437e+06 -1.01954e+06
4989 695131 -1.71468e+06 -1.01954e+06
4990 695440 -1.71498e+06 -1.01954e+06
4991 695749 -1.71529e+06 -1.01955e+06
4992 696059 -1.7156e+06 -1.01955e+06
4993 696370 -1.71592e+06 -1.01955e+06
4994 696681 -1.71623e+06 -1.01955e+06
4995 696993 -1.71654e+06 -1.01955e+06
4996 697306 -1.71685e+06 -1.01955e+06
4997 697619 -1.71717e+06 -1.01955e+06
4998 697933 -1.71748e+06 -1.01955e+06
4999 698247 -1.7178e+06 -1.01955e+06
